Timestamp,Value
0,70
100,78
200,68
300,72
400,75
500,77
600,65
700,76
800,76
900,86
1000,84
1100,60
1200,65
1300,87
1400,78
1500,65
1600,88
1700,66
1800,64
1900,63
2000,81
2100,85
2200,89
2300,79
2400,87
2500,79
2600,64
2700,64
2800,63
2900,81
3000,66
3100,72
3200,86
3300,76
3400,65
3500,73
3600,72
3700,89
3800,69
3900,65
4000,79
4100,66
4200,62
4300,87
4400,88
4500,75
4600,65
4700,84
4800,78
4900,88
5000,61
5100,77
5200,68
5300,89
5400,63
5500,86
5600,77
5700,89
5800,60
5900,86
6000,66
6100,81
6200,84
6300,76
6400,67
6500,88
6600,77
6700,85
6800,73
6900,83
7000,62
7100,62
7200,77
7300,64
7400,65
7500,67
7600,73
7700,76
7800,89
7900,89
8000,65
8100,83
8200,70
8300,81
8400,86
8500,83
8600,66
8700,75
8800,74
8900,76
9000,65
9100,61
9200,89
9300,76
9400,77
9500,63
9600,85
9700,64
9800,79
9900,68
10000,82
10100,77
10200,67
10300,69
10400,79
10500,60
10600,77
10700,83
10800,71
10900,85
11000,73
11100,87
11200,89
11300,80
11400,61
11500,68
11600,66
11700,61
11800,65
11900,70
12000,71
12100,85
12200,64
12300,68
12400,89
12500,65
12600,62
12700,87
12800,71
12900,82
13000,71
13100,61
13200,74
13300,84
13400,65
13500,82
13600,65
13700,62
13800,88
13900,69
14000,75
14100,73
14200,80
14300,71
14400,77
14500,77
14600,67
14700,66
14800,74
14900,79
15000,81
15100,80
15200,84
15300,85
15400,73
15500,76
15600,84
15700,78
15800,71
15900,89
16000,67
16100,66
16200,73
16300,81
16400,63
16500,66
16600,60
16700,82
16800,69
16900,72
17000,67
17100,76
17200,61
17300,62
17400,85
17500,66
17600,80
17700,68
17800,70
17900,64
18000,82
18100,72
18200,64
18300,88
18400,67
18500,68
18600,85
18700,76
18800,64
18900,80
19000,60
19100,77
19200,75
19300,69
19400,78
19500,70
19600,86
19700,65
19800,75
19900,88
20000,63
20100,84
20200,78
20300,62
20400,89
20500,81
20600,83
20700,74
20800,86
20900,79
21000,85
21100,69
21200,76
21300,74
21400,69
21500,64
21600,66
21700,82
21800,65
21900,65
22000,88
22100,83
22200,70
22300,60
22400,63
22500,69
22600,81
22700,86
22800,69
22900,80
23000,70
23100,82
23200,81
23300,63
23400,74
23500,80
23600,68
23700,89
23800,74
23900,84
24000,74
24100,64
24200,83
24300,73
24400,60
24500,68
24600,67
24700,63
24800,82
24900,63
25000,64
25100,78
25200,68
25300,85
25400,69
25500,77
25600,79
25700,65
25800,66
25900,61
26000,72
26100,89
26200,70
26300,78
26400,76
26500,74
26600,63
26700,81
26800,61
26900,72
27000,63
27100,66
27200,70
27300,77
27400,81
27500,86
27600,85
27700,63
27800,71
27900,66
28000,88
28100,69
28200,85
28300,85
28400,71
28500,74
28600,82
28700,87
28800,81
28900,60
29000,89
29100,79
29200,61
29300,65
29400,64
29500,66
29600,77
29700,87
29800,64
29900,61
30000,71
30100,83
30200,69
30300,62
30400,66
30500,66
30600,63
30700,76
30800,85
30900,69
31000,88
31100,62
31200,60
31300,84
31400,71
31500,83
31600,61
31700,76
31800,82
31900,78
32000,89
32100,67
32200,68
32300,68
32400,65
32500,79
32600,83
32700,62
32800,82
32900,78
33000,75
33100,79
33200,89
33300,67
33400,74
33500,89
33600,84
33700,84
33800,64
33900,69
34000,68
34100,87
34200,63
34300,88
34400,79
34500,79
34600,64
34700,75
34800,70
34900,72
35000,77
35100,87
35200,61
35300,88
35400,65
35500,68
35600,86
35700,67
35800,76
35900,73
36000,72
36100,76
36200,86
36300,75
36400,84
36500,89
36600,66
36700,76
36800,62
36900,89
37000,61
37100,66
37200,62
37300,65
37400,86
37500,67
37600,87
37700,60
37800,88
37900,65
38000,71
38100,62
38200,79
38300,67
38400,86
38500,64
38600,71
38700,78
38800,66
38900,85
39000,60
39100,63
39200,70
39300,64
39400,87
39500,88
39600,84
39700,73
39800,62
39900,77
40000,73
40100,73
40200,83
40300,76
40400,76
40500,61
40600,67
40700,74
40800,79
40900,73
41000,86
41100,65
41200,78
41300,69
41400,77
41500,84
41600,87
41700,83
41800,63
41900,85
42000,66
42100,62
42200,80
42300,83
42400,84
42500,66
42600,68
42700,67
42800,77
42900,65
43000,76
43100,87
43200,72
43300,82
43400,84
43500,73
43600,82
43700,82
43800,68
43900,89
44000,60
44100,85
44200,73
44300,79
44400,65
44500,75
44600,67
44700,72
44800,68
44900,64
45000,85
45100,72
45200,73
45300,70
45400,88
45500,71
45600,79
45700,62
45800,73
45900,83
46000,76
46100,72
46200,62
46300,67
46400,70
46500,79
46600,79
46700,81
46800,84
46900,65
47000,65
47100,84
47200,64
47300,72
47400,86
47500,62
47600,86
47700,62
47800,83
47900,79
48000,82
48100,82
48200,72
48300,89
48400,67
48500,67
48600,65
48700,84
48800,77
48900,68
49000,67
49100,61
49200,82
49300,80
49400,60
49500,67
49600,62
49700,64
49800,82
49900,83
50000,62
50100,85
50200,61
50300,67
50400,85
50500,75
50600,73
50700,64
50800,62
50900,88
51000,73
51100,60
51200,75
51300,75
51400,86
51500,62
51600,70
51700,83
51800,75
51900,68
52000,64
52100,82
52200,88
52300,84
52400,89
52500,73
52600,77
52700,81
52800,74
52900,77
53000,62
53100,63
53200,76
53300,66
53400,74
53500,82
53600,65
53700,62
53800,71
53900,73
54000,60
54100,73
54200,71
54300,88
54400,69
54500,84
54600,62
54700,79
54800,82
54900,74
55000,78
55100,61
55200,63
55300,62
55400,71
55500,78
55600,64
55700,60
55800,83
55900,69
56000,83
56100,85
56200,79
56300,75
56400,86
56500,82
56600,63
56700,61
56800,83
56900,60
57000,83
57100,76
57200,87
57300,69
57400,74
57500,69
57600,82
57700,76
57800,69
57900,79
58000,74
58100,79
58200,80
58300,68
58400,88
58500,87
58600,88
58700,77
58800,70
58900,66
59000,85
59100,77
59200,77
59300,60
59400,67
59500,78
59600,82
59700,66
59800,82
59900,83
60000,89
60100,86
60200,66
60300,74
60400,69
60500,83
60600,79
60700,71
60800,86
60900,72
61000,66
61100,66
61200,74
61300,80
61400,80
61500,84
61600,78
61700,69
61800,75
61900,75
62000,74
62100,62
62200,73
62300,69
62400,68
62500,77
62600,63
62700,69
62800,80
62900,86
63000,76
63100,67
63200,83
63300,76
63400,81
63500,73
63600,75
63700,80
63800,75
63900,88
64000,83
64100,65
64200,69
64300,71
64400,68
64500,84
64600,89
64700,64
64800,61
64900,72
65000,63
65100,70
65200,61
65300,76
65400,67
65500,65
65600,82
65700,72
65800,69
65900,85
66000,70
66100,71
66200,80
66300,87
66400,71
66500,72
66600,63
66700,89
66800,62
66900,86
67000,86
67100,83
67200,84
67300,89
67400,75
67500,70
67600,72
67700,83
67800,80
67900,75
68000,75
68100,70
68200,73
68300,82
68400,86
68500,78
68600,72
68700,85
68800,81
68900,88
69000,79
69100,81
69200,78
69300,79
69400,80
69500,64
69600,82
69700,69
69800,63
69900,72
70000,64
70100,80
70200,66
70300,82
70400,67
70500,82
70600,88
70700,73
70800,72
70900,86
71000,69
71100,84
71200,81
71300,69
71400,61
71500,64
71600,77
71700,80
71800,81
71900,75
72000,61
72100,60
72200,84
72300,76
72400,83
72500,81
72600,62
72700,68
72800,74
72900,75
73000,70
73100,60
73200,71
73300,67
73400,88
73500,65
73600,80
73700,60
73800,78
73900,82
74000,65
74100,64
74200,89
74300,68
74400,79
74500,81
74600,88
74700,82
74800,85
74900,72
75000,62
75100,75
75200,89
75300,72
75400,74
75500,88
75600,74
75700,66
75800,60
75900,88
76000,87
76100,63
76200,61
76300,84
76400,71
76500,82
76600,78
76700,79
76800,62
76900,70
77000,69
77100,63
77200,60
77300,74
77400,86
77500,60
77600,78
77700,75
77800,79
77900,89
78000,68
78100,75
78200,83
78300,66
78400,60
78500,85
78600,80
78700,70
78800,81
78900,86
79000,81
79100,62
79200,63
79300,68
79400,89
79500,78
79600,71
79700,63
79800,75
79900,83
80000,73
80100,65
80200,89
80300,88
80400,80
80500,73
80600,84
80700,84
80800,62
80900,67
81000,63
81100,73
81200,61
81300,61
81400,66
81500,65
81600,80
81700,89
81800,64
81900,75
82000,74
82100,83
82200,67
82300,88
82400,88
82500,87
82600,88
82700,75
82800,67
82900,82
83000,80
83100,63
83200,65
83300,64
83400,81
83500,60
83600,66
83700,82
83800,60
83900,82
84000,64
84100,65
84200,66
84300,70
84400,68
84500,70
84600,68
84700,81
84800,89
84900,78
85000,62
85100,67
85200,69
85300,63
85400,78
85500,80
85600,83
85700,60
85800,87
85900,73
86000,70
86100,75
86200,77
86300,63
86400,69
86500,83
86600,64
86700,87
86800,72
86900,66
87000,79
87100,76
87200,81
87300,67
87400,86
87500,66
87600,83
87700,68
87800,86
87900,76
88000,67
88100,87
88200,64
88300,63
88400,89
88500,69
88600,74
88700,71
88800,74
88900,66
89000,71
89100,60
89200,86
89300,88
89400,85
89500,73
89600,85
89700,74
89800,69
89900,82
90000,77
90100,72
90200,87
90300,83
90400,60
90500,89
90600,65
90700,61
90800,84
90900,85
91000,84
91100,71
91200,62
91300,80
91400,76
91500,79
91600,62
91700,79
91800,79
91900,70
92000,60
92100,78
92200,77
92300,82
92400,84
92500,88
92600,88
92700,71
92800,78
92900,63
93000,79
93100,79
93200,68
93300,80
93400,74
93500,74
93600,83
93700,84
93800,60
93900,88
94000,84
94100,88
94200,65
94300,65
94400,89
94500,87
94600,76
94700,79
94800,73
94900,71
95000,78
95100,80
95200,85
95300,77
95400,79
95500,73
95600,80
95700,66
95800,63
95900,76
96000,71
96100,72
96200,80
96300,61
96400,66
96500,79
96600,66
96700,60
96800,66
96900,73
97000,65
97100,82
97200,63
97300,68
97400,89
97500,65
97600,70
97700,76
97800,68
97900,67
98000,71
98100,66
98200,76
98300,74
98400,87
98500,68
98600,70
98700,78
98800,84
98900,69
99000,76
99100,68
99200,67
99300,69
99400,77
99500,79
99600,67
99700,73
99800,62
99900,86
100000,81
100100,65
100200,77
100300,82
100400,85
100500,63
100600,76
100700,69
100800,74
100900,86
101000,78
101100,61
101200,76
101300,87
101400,63
101500,77
101600,84
101700,70
101800,88
101900,63
102000,72
102100,85
102200,61
102300,66
102400,77
102500,63
102600,61
102700,65
102800,71
102900,66
103000,88
103100,81
103200,73
103300,85
103400,69
103500,65
103600,86
103700,85
103800,73
103900,71
104000,64
104100,72
104200,71
104300,83
104400,63
104500,65
104600,67
104700,88
104800,89
104900,89
105000,72
105100,75
105200,67
105300,77
105400,78
105500,74
105600,88
105700,82
105800,81
105900,85
106000,88
106100,60
106200,88
106300,70
106400,63
106500,67
106600,71
106700,78
106800,88
106900,66
107000,79
107100,78
107200,63
107300,87
107400,61
107500,84
107600,61
107700,79
107800,60
107900,65
108000,78
108100,76
108200,66
108300,84
108400,78
108500,86
108600,65
108700,64
108800,86
108900,73
109000,63
109100,72
109200,60
109300,77
109400,70
109500,79
109600,83
109700,78
109800,75
109900,87
110000,70
110100,64
110200,65
110300,82
110400,63
110500,75
110600,61
110700,63
110800,87
110900,81
111000,82
111100,71
111200,76
111300,73
111400,72
111500,85
111600,61
111700,61
111800,72
111900,72
112000,82
112100,79
112200,71
112300,81
112400,66
112500,69
112600,64
112700,61
112800,66
112900,65
113000,77
113100,82
113200,77
113300,87
113400,67
113500,87
113600,71
113700,83
113800,60
113900,67
114000,63
114100,79
114200,79
114300,66
114400,61
114500,71
114600,61
114700,88
114800,83
114900,82
115000,79
115100,83
115200,85
115300,74
115400,67
115500,85
115600,60
115700,81
115800,87
115900,75
116000,69
116100,60
116200,61
116300,64
116400,64
116500,77
116600,73
116700,84
116800,68
116900,76
117000,62
117100,74
117200,66
117300,74
117400,88
117500,66
117600,67
117700,61
117800,83
117900,66
118000,69
118100,62
118200,76
118300,73
118400,80
118500,63
118600,74
118700,78
118800,85
118900,72
119000,80
119100,71
119200,67
119300,82
119400,64
119500,71
119600,85
119700,68
119800,71
119900,63
120000,61
120100,74
120200,66
120300,87
120400,63
120500,66
120600,65
120700,62
120800,71
120900,63
121000,63
121100,76
121200,74
121300,66
121400,79
121500,70
121600,88
121700,67
121800,81
121900,81
122000,69
122100,85
122200,69
122300,88
122400,78
122500,84
122600,88
122700,85
122800,61
122900,62
123000,84
123100,89
123200,65
123300,79
123400,62
123500,71
123600,88
123700,81
123800,69
123900,76
124000,73
124100,87
124200,76
124300,75
124400,66
124500,88
124600,74
124700,66
124800,78
124900,70
125000,68
125100,80
125200,72
125300,62
125400,83
125500,70
125600,71
125700,74
125800,87
125900,70
126000,66
126100,87
126200,82
126300,88
126400,69
126500,81
126600,78
126700,89
126800,68
126900,71
127000,77
127100,80
127200,89
127300,72
127400,62
127500,84
127600,85
127700,60
127800,88
127900,88
128000,73
128100,77
128200,66
128300,66
128400,84
128500,85
128600,63
128700,80
128800,79
128900,77
129000,72
129100,87
129200,69
129300,73
129400,87
129500,76
129600,73
129700,86
129800,75
129900,78
130000,81
130100,86
130200,80
130300,81
130400,68
130500,77
130600,74
130700,63
130800,83
130900,80
131000,80
131100,72
131200,61
131300,88
131400,71
131500,87
131600,81
131700,71
131800,72
131900,81
132000,63
132100,60
132200,74
132300,71
132400,62
132500,63
132600,76
132700,79
132800,65
132900,68
133000,78
133100,71
133200,78
133300,73
133400,73
133500,65
133600,74
133700,63
133800,81
133900,72
134000,72
134100,64
134200,67
134300,74
134400,67
134500,77
134600,82
134700,77
134800,74
134900,60
135000,74
135100,87
135200,63
135300,86
135400,74
135500,86
135600,62
135700,70
135800,61
135900,82
136000,77
136100,86
136200,64
136300,79
136400,66
136500,84
136600,65
136700,87
136800,61
136900,78
137000,89
137100,60
137200,65
137300,84
137400,65
137500,61
137600,74
137700,74
137800,79
137900,80
138000,72
138100,73
138200,75
138300,75
138400,65
138500,72
138600,74
138700,79
138800,74
138900,75
139000,79
139100,65
139200,64
139300,69
139400,67
139500,67
139600,83
139700,65
139800,71
139900,75
140000,73
140100,87
140200,76
140300,83
140400,78
140500,86
140600,68
140700,79
140800,87
140900,62
141000,78
141100,78
141200,84
141300,87
141400,70
141500,72
141600,69
141700,63
141800,84
141900,80
142000,82
142100,62
142200,75
142300,72
142400,64
142500,64
142600,63
142700,75
142800,84
142900,83
143000,84
143100,62
143200,80
143300,67
143400,68
143500,73
143600,66
143700,60
143800,72
143900,73
144000,70
144100,80
144200,79
144300,73
144400,69
144500,88
144600,80
144700,67
144800,80
144900,74
145000,75
145100,63
145200,81
145300,80
145400,80
145500,77
145600,74
145700,89
145800,87
145900,76
146000,80
146100,89
146200,88
146300,84
146400,82
146500,87
146600,61
146700,75
146800,65
146900,71
147000,71
147100,84
147200,83
147300,82
147400,71
147500,89
147600,83
147700,76
147800,67
147900,75
148000,75
148100,84
148200,73
148300,88
148400,67
148500,81
148600,74
148700,68
148800,75
148900,79
149000,72
149100,71
149200,79
149300,79
149400,61
149500,73
149600,74
149700,81
149800,84
149900,85
150000,86
150100,75
150200,71
150300,73
150400,88
150500,65
150600,66
150700,86
150800,75
150900,84
151000,61
151100,75
151200,84
151300,71
151400,75
151500,77
151600,76
151700,69
151800,85
151900,62
152000,87
152100,88
152200,68
152300,76
152400,84
152500,80
152600,80
152700,83
152800,89
152900,85
153000,66
153100,62
153200,73
153300,62
153400,63
153500,78
153600,76
153700,71
153800,69
153900,72
154000,73
154100,88
154200,88
154300,89
154400,79
154500,67
154600,77
154700,78
154800,73
154900,68
155000,60
155100,64
155200,67
155300,65
155400,81
155500,84
155600,89
155700,86
155800,74
155900,75
156000,89
156100,61
156200,72
156300,84
156400,60
156500,68
156600,62
156700,89
156800,81
156900,72
157000,62
157100,60
157200,61
157300,88
157400,62
157500,86
157600,71
157700,74
157800,81
157900,84
158000,74
158100,84
158200,62
158300,70
158400,62
158500,64
158600,81
158700,63
158800,63
158900,73
159000,89
159100,63
159200,86
159300,79
159400,62
159500,65
159600,61
159700,79
159800,66
159900,82
160000,77
160100,83
160200,83
160300,71
160400,77
160500,64
160600,74
160700,67
160800,60
160900,85
161000,67
161100,61
161200,67
161300,81
161400,82
161500,60
161600,72
161700,63
161800,79
161900,89
162000,74
162100,84
162200,86
162300,78
162400,74
162500,82
162600,65
162700,82
162800,82
162900,76
163000,67
163100,80
163200,86
163300,71
163400,84
163500,85
163600,87
163700,82
163800,71
163900,73
164000,69
164100,84
164200,78
164300,61
164400,87
164500,61
164600,81
164700,86
164800,73
164900,64
165000,67
165100,71
165200,67
165300,77
165400,62
165500,68
165600,81
165700,88
165800,75
165900,68
166000,67
166100,60
166200,63
166300,71
166400,72
166500,80
166600,63
166700,65
166800,80
166900,65
167000,73
167100,63
167200,66
167300,78
167400,84
167500,75
167600,79
167700,76
167800,83
167900,89
168000,61
168100,84
168200,89
168300,61
168400,67
168500,67
168600,83
168700,70
168800,74
168900,88
169000,65
169100,63
169200,75
169300,68
169400,88
169500,86
169600,85
169700,61
169800,68
169900,88
170000,74
170100,65
170200,69
170300,63
170400,71
170500,61
170600,70
170700,82
170800,76
170900,73
171000,69
171100,62
171200,70
171300,66
171400,63
171500,87
171600,79
171700,79
171800,73
171900,71
172000,74
172100,77
172200,78
172300,82
172400,62
172500,86
172600,71
172700,83
172800,78
172900,77
173000,63
173100,63
173200,69
173300,75
173400,84
173500,88
173600,69
173700,71
173800,73
173900,69
174000,78
174100,79
174200,83
174300,77
174400,67
174500,66
174600,75
174700,60
174800,65
174900,75
175000,80
175100,83
175200,82
175300,74
175400,82
175500,71
175600,76
175700,69
175800,83
175900,72
176000,75
176100,72
176200,77
176300,78
176400,74
176500,87
176600,86
176700,74
176800,82
176900,67
177000,78
177100,73
177200,87
177300,75
177400,77
177500,83
177600,87
177700,67
177800,75
177900,84
178000,86
178100,85
178200,62
178300,86
178400,78
178500,82
178600,83
178700,71
178800,67
178900,86
179000,64
179100,60
179200,87
179300,79
179400,73
179500,82
179600,70
179700,71
179800,85
179900,64
180000,84
180100,80
180200,75
180300,70
180400,85
180500,60
180600,86
180700,71
180800,64
180900,70
181000,61
181100,69
181200,66
181300,80
181400,80
181500,88
181600,89
181700,84
181800,76
181900,75
182000,85
182100,89
182200,78
182300,78
182400,81
182500,87
182600,89
182700,83
182800,74
182900,77
183000,82
183100,77
183200,75
183300,64
183400,70
183500,73
183600,88
183700,86
183800,62
183900,77
184000,77
184100,62
184200,70
184300,69
184400,61
184500,85
184600,71
184700,63
184800,77
184900,75
185000,77
185100,77
185200,79
185300,77
185400,63
185500,76
185600,76
185700,72
185800,89
185900,87
186000,68
186100,63
186200,88
186300,65
186400,69
186500,88
186600,67
186700,80
186800,67
186900,80
187000,81
187100,76
187200,77
187300,81
187400,73
187500,68
187600,71
187700,79
187800,64
187900,77
188000,79
188100,68
188200,86
188300,83
188400,70
188500,85
188600,88
188700,63
188800,86
188900,61
189000,88
189100,67
189200,78
189300,87
189400,69
189500,87
189600,75
189700,62
189800,61
189900,73
190000,61
190100,82
190200,74
190300,72
190400,72
190500,86
190600,76
190700,81
190800,73
190900,81
191000,75
191100,61
191200,84
191300,75
191400,67
191500,68
191600,69
191700,88
191800,78
191900,74
192000,69
192100,89
192200,82
192300,86
192400,88
192500,87
192600,86
192700,88
192800,88
192900,82
193000,87
193100,65
193200,60
193300,85
193400,66
193500,60
193600,62
193700,85
193800,86
193900,83
194000,83
194100,70
194200,83
194300,62
194400,81
194500,61
194600,74
194700,70
194800,78
194900,84
195000,67
195100,70
195200,75
195300,66
195400,61
195500,62
195600,77
195700,71
195800,72
195900,89
196000,83
196100,68
196200,75
196300,70
196400,76
196500,60
196600,79
196700,70
196800,82
196900,78
197000,72
197100,82
197200,67
197300,72
197400,84
197500,71
197600,72
197700,61
197800,89
197900,83
198000,73
198100,72
198200,74
198300,78
198400,86
198500,71
198600,73
198700,64
198800,76
198900,79
199000,79
199100,75
199200,85
199300,73
199400,75
199500,74
199600,84
199700,81
199800,68
199900,82
200000,89
200100,85
200200,63
200300,72
200400,83
200500,67
200600,62
200700,60
200800,68
200900,66
201000,82
201100,78
201200,68
201300,76
201400,86
201500,77
201600,79
201700,66
201800,67
201900,68
202000,83
202100,69
202200,60
202300,66
202400,85
202500,85
202600,74
202700,67
202800,83
202900,87
203000,60
203100,67
203200,64
203300,77
203400,83
203500,70
203600,84
203700,82
203800,80
203900,82
204000,87
204100,72
204200,73
204300,63
204400,70
204500,74
204600,76
204700,86
204800,65
204900,68
205000,79
205100,67
205200,82
205300,66
205400,74
205500,70
205600,71
205700,84
205800,83
205900,89
206000,75
206100,80
206200,61
206300,81
206400,71
206500,75
206600,81
206700,82
206800,74
206900,88
207000,64
207100,88
207200,69
207300,79
207400,63
207500,74
207600,71
207700,71
207800,66
207900,79
208000,80
208100,71
208200,89
208300,66
208400,87
208500,64
208600,63
208700,79
208800,88
208900,81
209000,87
209100,68
209200,75
209300,66
209400,74
209500,83
209600,65
209700,62
209800,64
209900,67
210000,73
210100,82
210200,87
210300,70
210400,73
210500,78
210600,81
210700,61
210800,78
210900,83
211000,63
211100,64
211200,62
211300,69
211400,64
211500,71
211600,73
211700,76
211800,75
211900,83
212000,67
212100,68
212200,71
212300,77
212400,77
212500,62
212600,68
212700,88
212800,81
212900,87
213000,72
213100,60
213200,74
213300,65
213400,79
213500,66
213600,83
213700,76
213800,72
213900,81
214000,78
214100,63
214200,78
214300,79
214400,67
214500,70
214600,73
214700,64
214800,64
214900,84
215000,75
215100,61
215200,71
215300,77
215400,66
215500,88
215600,82
215700,72
215800,78
215900,84
216000,60
216100,60
216200,84
216300,73
216400,66
216500,77
216600,77
216700,72
216800,88
216900,84
217000,68
217100,80
217200,84
217300,63
217400,72
217500,67
217600,88
217700,75
217800,89
217900,61
218000,63
218100,87
218200,73
218300,74
218400,80
218500,81
218600,79
218700,64
218800,87
218900,61
219000,75
219100,88
219200,68
219300,78
219400,89
219500,80
219600,79
219700,60
219800,60
219900,83
220000,89
220100,67
220200,75
220300,68
220400,80
220500,83
220600,79
220700,80
220800,86
220900,69
221000,84
221100,85
221200,73
221300,67
221400,80
221500,80
221600,71
221700,77
221800,66
221900,61
222000,80
222100,81
222200,65
222300,85
222400,74
222500,67
222600,64
222700,71
222800,62
222900,83
223000,84
223100,83
223200,79
223300,66
223400,80
223500,75
223600,86
223700,64
223800,84
223900,86
224000,80
224100,60
224200,65
224300,68
224400,88
224500,60
224600,76
224700,72
224800,66
224900,77
225000,68
225100,75
225200,66
225300,73
225400,89
225500,74
225600,66
225700,71
225800,78
225900,62
226000,66
226100,68
226200,60
226300,66
226400,73
226500,68
226600,82
226700,66
226800,76
226900,60
227000,61
227100,66
227200,74
227300,87
227400,67
227500,81
227600,72
227700,82
227800,89
227900,63
228000,67
228100,70
228200,73
228300,81
228400,79
228500,74
228600,86
228700,71
228800,83
228900,71
229000,88
229100,79
229200,83
229300,68
229400,81
229500,64
229600,61
229700,65
229800,81
229900,67
230000,75
230100,70
230200,70
230300,76
230400,84
230500,69
230600,73
230700,69
230800,70
230900,74
231000,87
231100,88
231200,76
231300,73
231400,68
231500,78
231600,76
231700,62
231800,73
231900,67
232000,82
232100,68
232200,74
232300,82
232400,81
232500,64
232600,65
232700,72
232800,67
232900,88
233000,71
233100,70
233200,88
233300,85
233400,77
233500,62
233600,68
233700,74
233800,79
233900,65
234000,88
234100,76
234200,65
234300,67
234400,82
234500,87
234600,85
234700,86
234800,67
234900,85
235000,60
235100,66
235200,64
235300,70
235400,63
235500,67
235600,89
235700,82
235800,63
235900,62
236000,83
236100,62
236200,78
236300,74
236400,75
236500,88
236600,71
236700,74
236800,65
236900,89
237000,70
237100,85
237200,83
237300,75
237400,68
237500,72
237600,87
237700,74
237800,68
237900,66
238000,76
238100,69
238200,69
238300,67
238400,66
238500,70
238600,64
238700,88
238800,64
238900,86
239000,84
239100,83
239200,65
239300,63
239400,87
239500,76
239600,73
239700,60
239800,65
239900,82
240000,84
240100,75
240200,64
240300,76
240400,69
240500,77
240600,69
240700,65
240800,75
240900,71
241000,76
241100,66
241200,78
241300,65
241400,79
241500,81
241600,86
241700,76
241800,67
241900,89
242000,73
242100,78
242200,75
242300,84
242400,72
242500,61
242600,82
242700,61
242800,70
242900,80
243000,69
243100,67
243200,62
243300,66
243400,65
243500,86
243600,79
243700,89
243800,79
243900,80
244000,66
244100,86
244200,65
244300,86
244400,62
244500,70
244600,87
244700,69
244800,80
244900,62
245000,87
245100,87
245200,87
245300,84
245400,67
245500,68
245600,61
245700,84
245800,77
245900,63
246000,65
246100,84
246200,78
246300,87
246400,84
246500,82
246600,83
246700,72
246800,88
246900,65
247000,89
247100,75
247200,72
247300,87
247400,62
247500,66
247600,85
247700,72
247800,82
247900,81
248000,61
248100,88
248200,62
248300,65
248400,78
248500,88
248600,84
248700,75
248800,80
248900,78
249000,67
249100,70
249200,83
249300,82
249400,66
249500,88
249600,76
249700,63
249800,69
249900,82
250000,66
250100,82
250200,85
250300,87
250400,88
250500,82
250600,81
250700,82
250800,65
250900,74
251000,86
251100,85
251200,73
251300,60
251400,75
251500,67
251600,79
251700,68
251800,86
251900,78
252000,87
252100,78
252200,69
252300,85
252400,79
252500,76
252600,63
252700,77
252800,66
252900,82
253000,74
253100,87
253200,64
253300,62
253400,70
253500,69
253600,61
253700,82
253800,65
253900,62
254000,80
254100,85
254200,86
254300,67
254400,84
254500,79
254600,82
254700,78
254800,68
254900,67
255000,79
255100,84
255200,71
255300,68
255400,85
255500,72
255600,74
255700,61
255800,66
255900,77
256000,62
256100,80
256200,65
256300,78
256400,78
256500,66
256600,86
256700,79
256800,61
256900,84
257000,76
257100,87
257200,86
257300,89
257400,84
257500,89
257600,63
257700,65
257800,86
257900,70
258000,81
258100,62
258200,85
258300,82
258400,81
258500,88
258600,68
258700,74
258800,83
258900,71
259000,60
259100,67
259200,81
259300,75
259400,74
259500,81
259600,69
259700,87
259800,87
259900,88
260000,65
260100,85
260200,63
260300,82
260400,65
260500,64
260600,84
260700,61
260800,83
260900,83
261000,69
261100,88
261200,68
261300,84
261400,83
261500,88
261600,77
261700,72
261800,71
261900,64
262000,83
262100,78
262200,71
262300,72
262400,73
262500,75
262600,65
262700,86
262800,74
262900,77
263000,77
263100,65
263200,80
263300,79
263400,63
263500,69
263600,76
263700,72
263800,80
263900,80
264000,80
264100,80
264200,63
264300,75
264400,68
264500,63
264600,62
264700,62
264800,80
264900,87
265000,81
265100,66
265200,76
265300,60
265400,79
265500,88
265600,72
265700,73
265800,70
265900,85
266000,81
266100,63
266200,65
266300,85
266400,85
266500,62
266600,64
266700,85
266800,71
266900,70
267000,70
267100,89
267200,85
267300,65
267400,68
267500,63
267600,70
267700,77
267800,72
267900,60
268000,79
268100,66
268200,88
268300,69
268400,85
268500,83
268600,84
268700,84
268800,77
268900,60
269000,83
269100,70
269200,87
269300,73
269400,79
269500,69
269600,81
269700,83
269800,66
269900,60
270000,60
270100,75
270200,68
270300,86
270400,61
270500,73
270600,79
270700,67
270800,73
270900,63
271000,62
271100,78
271200,82
271300,64
271400,72
271500,88
271600,84
271700,76
271800,83
271900,66
272000,89
272100,79
272200,63
272300,88
272400,81
272500,62
272600,62
272700,79
272800,74
272900,76
273000,65
273100,62
273200,84
273300,82
273400,73
273500,78
273600,75
273700,63
273800,87
273900,86
274000,72
274100,83
274200,88
274300,65
274400,62
274500,81
274600,63
274700,77
274800,76
274900,84
275000,64
275100,75
275200,68
275300,69
275400,66
275500,69
275600,76
275700,62
275800,71
275900,71
276000,60
276100,74
276200,73
276300,70
276400,87
276500,80
276600,80
276700,74
276800,84
276900,68
277000,69
277100,63
277200,71
277300,75
277400,80
277500,63
277600,88
277700,77
277800,71
277900,62
278000,86
278100,89
278200,62
278300,82
278400,66
278500,63
278600,88
278700,67
278800,87
278900,69
279000,74
279100,69
279200,89
279300,83
279400,83
279500,89
279600,78
279700,65
279800,81
279900,62
280000,61
280100,86
280200,78
280300,63
280400,70
280500,79
280600,68
280700,61
280800,80
280900,67
281000,86
281100,63
281200,89
281300,74
281400,70
281500,68
281600,66
281700,85
281800,70
281900,76
282000,86
282100,66
282200,79
282300,73
282400,76
282500,60
282600,69
282700,85
282800,89
282900,60
283000,63
283100,75
283200,78
283300,70
283400,65
283500,65
283600,70
283700,73
283800,79
283900,74
284000,86
284100,75
284200,60
284300,70
284400,74
284500,81
284600,79
284700,75
284800,77
284900,80
285000,65
285100,63
285200,79
285300,68
285400,73
285500,63
285600,78
285700,73
285800,84
285900,65
286000,76
286100,70
286200,71
286300,74
286400,64
286500,61
286600,73
286700,82
286800,86
286900,87
287000,61
287100,64
287200,62
287300,72
287400,87
287500,69
287600,62
287700,86
287800,71
287900,64
288000,62
288100,73
288200,73
288300,72
288400,83
288500,64
288600,67
288700,89
288800,86
288900,73
289000,74
289100,60
289200,69
289300,69
289400,87
289500,73
289600,79
289700,83
289800,74
289900,78
290000,67
290100,81
290200,86
290300,83
290400,64
290500,64
290600,81
290700,87
290800,85
290900,73
291000,71
291100,87
291200,63
291300,67
291400,69
291500,62
291600,66
291700,60
291800,86
291900,73
292000,66
292100,77
292200,76
292300,70
292400,68
292500,67
292600,72
292700,74
292800,81
292900,81
293000,89
293100,64
293200,61
293300,61
293400,75
293500,61
293600,62
293700,74
293800,85
293900,86
294000,83
294100,86
294200,75
294300,80
294400,85
294500,60
294600,71
294700,67
294800,65
294900,81
295000,68
295100,76
295200,65
295300,60
295400,68
295500,84
295600,71
295700,67
295800,83
295900,83
296000,78
296100,73
296200,68
296300,62
296400,60
296500,85
296600,85
296700,63
296800,86
296900,89
297000,79
297100,86
297200,65
297300,65
297400,72
297500,74
297600,78
297700,77
297800,64
297900,89
298000,89
298100,75
298200,63
298300,83
298400,86
298500,86
298600,82
298700,61
298800,67
298900,88
299000,61
299100,72
299200,70
299300,75
299400,86
299500,82
299600,68
299700,60
299800,85
299900,62
300000,79
300100,62
300200,80
300300,87
300400,60
300500,69
300600,69
300700,78
300800,84
300900,63
301000,78
301100,74
301200,61
301300,82
301400,89
301500,74
301600,61
301700,63
301800,68
301900,75
302000,79
302100,60
302200,89
302300,85
302400,60
302500,69
302600,87
302700,77
302800,62
302900,70
303000,89
303100,89
303200,80
303300,67
303400,84
303500,72
303600,73
303700,74
303800,81
303900,87
304000,71
304100,66
304200,85
304300,64
304400,89
304500,74
304600,83
304700,71
304800,65
304900,78
305000,80
305100,73
305200,82
305300,86
305400,89
305500,75
305600,71
305700,88
305800,60
305900,60
306000,89
306100,68
306200,72
306300,66
306400,84
306500,80
306600,88
306700,64
306800,79
306900,79
307000,63
307100,72
307200,83
307300,84
307400,75
307500,87
307600,81
307700,68
307800,79
307900,81
308000,64
308100,72
308200,85
308300,76
308400,75
308500,76
308600,85
308700,70
308800,75
308900,70
309000,70
309100,72
309200,87
309300,73
309400,88
309500,83
309600,82
309700,77
309800,61
309900,60
310000,63
310100,71
310200,63
310300,74
310400,69
310500,84
310600,76
310700,83
310800,75
310900,77
311000,87
311100,60
311200,86
311300,84
311400,72
311500,77
311600,87
311700,73
311800,70
311900,75
312000,60
312100,86
312200,71
312300,87
312400,88
312500,66
312600,69
312700,88
312800,60
312900,67
313000,78
313100,65
313200,82
313300,86
313400,78
313500,60
313600,88
313700,70
313800,89
313900,87
314000,65
314100,65
314200,89
314300,61
314400,89
314500,81
314600,60
314700,76
314800,83
314900,75
315000,85
315100,87
315200,85
315300,89
315400,79
315500,66
315600,76
315700,61
315800,86
315900,72
316000,85
316100,86
316200,86
316300,61
316400,75
316500,82
316600,72
316700,68
316800,61
316900,67
317000,89
317100,81
317200,79
317300,80
317400,67
317500,83
317600,83
317700,82
317800,78
317900,63
318000,78
318100,80
318200,79
318300,78
318400,76
318500,62
318600,69
318700,76
318800,66
318900,75
319000,74
319100,82
319200,74
319300,87
319400,89
319500,63
319600,73
319700,88
319800,89
319900,87
320000,68
320100,73
320200,77
320300,66
320400,74
320500,79
320600,81
320700,60
320800,72
320900,88
321000,82
321100,73
321200,73
321300,80
321400,63
321500,60
321600,64
321700,64
321800,74
321900,61
322000,65
322100,66
322200,73
322300,69
322400,87
322500,89
322600,75
322700,64
322800,66
322900,85
323000,77
323100,69
323200,61
323300,62
323400,70
323500,77
323600,84
323700,80
323800,69
323900,71
324000,77
324100,67
324200,64
324300,65
324400,65
324500,88
324600,69
324700,62
324800,82
324900,69
325000,74
325100,84
325200,65
325300,61
325400,89
325500,79
325600,89
325700,76
325800,61
325900,87
326000,74
326100,67
326200,73
326300,78
326400,76
326500,68
326600,81
326700,76
326800,76
326900,67
327000,71
327100,63
327200,88
327300,65
327400,62
327500,69
327600,80
327700,89
327800,84
327900,63
328000,67
328100,70
328200,84
328300,64
328400,87
328500,72
328600,65
328700,78
328800,76
328900,88
329000,68
329100,84
329200,85
329300,77
329400,89
329500,71
329600,80
329700,61
329800,65
329900,73
330000,88
330100,68
330200,60
330300,72
330400,75
330500,81
330600,63
330700,80
330800,78
330900,82
331000,78
331100,71
331200,62
331300,70
331400,75
331500,67
331600,87
331700,67
331800,75
331900,65
332000,72
332100,62
332200,88
332300,67
332400,89
332500,68
332600,81
332700,70
332800,78
332900,84
333000,85
333100,68
333200,68
333300,62
333400,82
333500,66
333600,81
333700,88
333800,73
333900,73
334000,71
334100,68
334200,66
334300,62
334400,73
334500,67
334600,68
334700,85
334800,85
334900,77
335000,76
335100,63
335200,79
335300,70
335400,80
335500,61
335600,67
335700,65
335800,62
335900,82
336000,76
336100,80
336200,78
336300,85
336400,71
336500,60
336600,64
336700,75
336800,81
336900,67
337000,74
337100,73
337200,88
337300,82
337400,85
337500,67
337600,73
337700,84
337800,62
337900,89
338000,71
338100,66
338200,80
338300,82
338400,61
338500,76
338600,79
338700,79
338800,66
338900,87
339000,71
339100,76
339200,67
339300,88
339400,85
339500,79
339600,88
339700,87
339800,74
339900,65
340000,76
340100,65
340200,89
340300,79
340400,79
340500,85
340600,87
340700,85
340800,72
340900,88
341000,73
341100,64
341200,82
341300,80
341400,72
341500,64
341600,70
341700,75
341800,71
341900,67
342000,72
342100,87
342200,72
342300,60
342400,83
342500,86
342600,60
342700,65
342800,63
342900,66
343000,65
343100,80
343200,89
343300,80
343400,62
343500,72
343600,89
343700,63
343800,78
343900,80
344000,85
344100,85
344200,87
344300,86
344400,70
344500,85
344600,80
344700,62
344800,63
344900,67
345000,88
345100,77
345200,69
345300,74
345400,68
345500,85
345600,83
345700,81
345800,81
345900,82
346000,74
346100,79
346200,68
346300,71
346400,86
346500,89
346600,78
346700,67
346800,66
346900,61
347000,69
347100,65
347200,63
347300,82
347400,63
347500,84
347600,89
347700,70
347800,76
347900,63
348000,70
348100,73
348200,84
348300,81
348400,72
348500,84
348600,88
348700,62
348800,85
348900,84
349000,79
349100,76
349200,68
349300,71
349400,62
349500,80
349600,72
349700,81
349800,68
349900,82
350000,73
350100,70
350200,87
350300,61
350400,82
350500,88
350600,64
350700,67
350800,71
350900,61
351000,88
351100,60
351200,89
351300,84
351400,61
351500,62
351600,86
351700,83
351800,75
351900,78
352000,88
352100,85
352200,73
352300,71
352400,81
352500,89
352600,73
352700,81
352800,78
352900,63
353000,65
353100,83
353200,69
353300,79
353400,68
353500,74
353600,85
353700,77
353800,84
353900,76
354000,78
354100,80
354200,78
354300,67
354400,81
354500,79
354600,64
354700,65
354800,80
354900,72
355000,69
355100,76
355200,66
355300,61
355400,87
355500,62
355600,79
355700,84
355800,78
355900,65
356000,80
356100,75
356200,87
356300,70
356400,69
356500,72
356600,69
356700,75
356800,62
356900,69
357000,75
357100,60
357200,72
357300,74
357400,84
357500,76
357600,65
357700,83
357800,82
357900,62
358000,63
358100,62
358200,65
358300,67
358400,86
358500,65
358600,74
358700,87
358800,86
358900,64
359000,77
359100,76
359200,64
359300,65
359400,60
359500,83
359600,68
359700,76
359800,76
359900,61
360000,66
360100,76
360200,79
360300,88
360400,76
360500,81
360600,86
360700,86
360800,73
360900,83
361000,87
361100,78
361200,78
361300,70
361400,64
361500,69
361600,82
361700,75
361800,67
361900,68
362000,65
362100,83
362200,85
362300,83
362400,67
362500,71
362600,74
362700,66
362800,77
362900,81
363000,66
363100,63
363200,86
363300,76
363400,63
363500,81
363600,68
363700,73
363800,87
363900,73
364000,76
364100,77
364200,81
364300,66
364400,61
364500,82
364600,71
364700,75
364800,77
364900,83
365000,72
365100,67
365200,61
365300,86
365400,66
365500,89
365600,68
365700,67
365800,77
365900,82
366000,84
366100,89
366200,86
366300,68
366400,70
366500,60
366600,85
366700,65
366800,67
366900,61
367000,71
367100,68
367200,74
367300,87
367400,78
367500,65
367600,78
367700,73
367800,75
367900,63
368000,72
368100,67
368200,62
368300,61
368400,88
368500,71
368600,71
368700,81
368800,75
368900,74
369000,88
369100,63
369200,68
369300,67
369400,71
369500,63
369600,64
369700,73
369800,62
369900,79
370000,73
370100,80
370200,84
370300,61
370400,74
370500,84
370600,76
370700,62
370800,82
370900,66
371000,80
371100,76
371200,69
371300,77
371400,77
371500,66
371600,69
371700,74
371800,67
371900,80
372000,69
372100,82
372200,64
372300,68
372400,82
372500,78
372600,89
372700,69
372800,69
372900,89
373000,67
373100,88
373200,88
373300,76
373400,64
373500,81
373600,82
373700,79
373800,65
373900,75
374000,73
374100,84
374200,78
374300,74
374400,71
374500,73
374600,71
374700,73
374800,64
374900,78
375000,60
375100,60
375200,73
375300,83
375400,65
375500,63
375600,61
375700,63
375800,62
375900,69
376000,75
376100,87
376200,68
376300,61
376400,87
376500,66
376600,84
376700,81
376800,80
376900,89
377000,65
377100,88
377200,71
377300,75
377400,86
377500,62
377600,65
377700,64
377800,77
377900,81
378000,86
378100,65
378200,61
378300,89
378400,73
378500,68
378600,61
378700,80
378800,87
378900,77
379000,73
379100,86
379200,65
379300,71
379400,71
379500,70
379600,65
379700,67
379800,63
379900,67
380000,86
380100,70
380200,71
380300,77
380400,61
380500,89
380600,78
380700,62
380800,89
380900,69
381000,80
381100,70
381200,81
381300,77
381400,89
381500,73
381600,70
381700,63
381800,66
381900,66
382000,72
382100,78
382200,65
382300,61
382400,60
382500,74
382600,74
382700,87
382800,78
382900,73
383000,88
383100,62
383200,77
383300,72
383400,78
383500,74
383600,65
383700,86
383800,71
383900,83
384000,65
384100,84
384200,87
384300,77
384400,82
384500,60
384600,60
384700,74
384800,75
384900,76
385000,73
385100,71
385200,76
385300,73
385400,69
385500,67
385600,65
385700,63
385800,79
385900,67
386000,65
386100,76
386200,66
386300,81
386400,88
386500,67
386600,70
386700,77
386800,80
386900,66
387000,63
387100,79
387200,74
387300,76
387400,69
387500,82
387600,67
387700,81
387800,64
387900,81
388000,64
388100,61
388200,89
388300,66
388400,65
388500,89
388600,64
388700,68
388800,89
388900,68
389000,85
389100,69
389200,86
389300,81
389400,81
389500,80
389600,74
389700,83
389800,73
389900,64
390000,63
390100,80
390200,68
390300,68
390400,75
390500,85
390600,63
390700,77
390800,82
390900,79
391000,81
391100,83
391200,74
391300,61
391400,84
391500,69
391600,65
391700,69
391800,67
391900,86
392000,66
392100,75
392200,69
392300,61
392400,66
392500,76
392600,87
392700,86
392800,86
392900,76
393000,87
393100,77
393200,72
393300,65
393400,86
393500,63
393600,87
393700,77
393800,83
393900,77
394000,72
394100,85
394200,73
394300,88
394400,74
394500,79
394600,79
394700,68
394800,69
394900,72
395000,80
395100,75
395200,89
395300,74
395400,82
395500,75
395600,78
395700,63
395800,67
395900,71
396000,83
396100,73
396200,63
396300,76
396400,82
396500,85
396600,88
396700,61
396800,85
396900,74
397000,66
397100,87
397200,71
397300,61
397400,64
397500,87
397600,81
397700,74
397800,68
397900,76
398000,67
398100,78
398200,83
398300,61
398400,89
398500,72
398600,65
398700,61
398800,71
398900,63
399000,72
399100,65
399200,89
399300,80
399400,73
399500,80
399600,81
399700,62
399800,82
399900,87
400000,76
400100,83
400200,69
400300,77
400400,83
400500,86
400600,61
400700,89
400800,69
400900,85
401000,65
401100,70
401200,84
401300,61
401400,88
401500,82
401600,69
401700,75
401800,89
401900,88
402000,84
402100,71
402200,82
402300,83
402400,64
402500,82
402600,82
402700,74
402800,79
402900,68
403000,77
403100,75
403200,85
403300,79
403400,60
403500,84
403600,60
403700,73
403800,75
403900,78
404000,83
404100,65
404200,72
404300,70
404400,84
404500,68
404600,83
404700,69
404800,68
404900,87
405000,62
405100,77
405200,84
405300,61
405400,64
405500,84
405600,71
405700,72
405800,70
405900,73
406000,61
406100,65
406200,76
406300,76
406400,85
406500,65
406600,79
406700,60
406800,88
406900,73
407000,89
407100,88
407200,73
407300,80
407400,88
407500,64
407600,71
407700,63
407800,71
407900,64
408000,82
408100,77
408200,73
408300,83
408400,69
408500,82
408600,79
408700,65
408800,69
408900,75
409000,78
409100,64
409200,61
409300,60
409400,74
409500,89
409600,83
409700,79
409800,62
409900,86
410000,61
410100,64
410200,77
410300,72
410400,70
410500,63
410600,71
410700,68
410800,72
410900,89
411000,70
411100,85
411200,86
411300,67
411400,65
411500,82
411600,87
411700,87
411800,67
411900,78
412000,83
412100,84
412200,76
412300,74
412400,75
412500,88
412600,66
412700,66
412800,63
412900,81
413000,70
413100,60
413200,86
413300,60
413400,82
413500,77
413600,88
413700,77
413800,66
413900,73
414000,68
414100,83
414200,70
414300,83
414400,64
414500,87
414600,79
414700,64
414800,74
414900,63
415000,79
415100,61
415200,62
415300,72
415400,77
415500,70
415600,83
415700,62
415800,62
415900,70
416000,61
416100,86
416200,79
416300,88
416400,77
416500,70
416600,71
416700,68
416800,67
416900,84
417000,71
417100,72
417200,87
417300,64
417400,71
417500,60
417600,89
417700,88
417800,64
417900,62
418000,78
418100,74
418200,70
418300,75
418400,74
418500,87
418600,82
418700,64
418800,81
418900,68
419000,78
419100,70
419200,74
419300,79
419400,63
419500,76
419600,61
419700,87
419800,86
419900,61
420000,62
420100,76
420200,61
420300,66
420400,85
420500,81
420600,79
420700,60
420800,73
420900,88
421000,79
421100,85
421200,76
421300,85
421400,62
421500,64
421600,67
421700,73
421800,73
421900,60
422000,64
422100,79
422200,84
422300,85
422400,65
422500,86
422600,88
422700,77
422800,88
422900,78
423000,79
423100,66
423200,79
423300,85
423400,61
423500,78
423600,67
423700,77
423800,71
423900,60
424000,80
424100,60
424200,69
424300,75
424400,73
424500,72
424600,74
424700,89
424800,80
424900,81
425000,82
425100,71
425200,63
425300,77
425400,64
425500,66
425600,62
425700,60
425800,85
425900,78
426000,78
426100,76
426200,70
426300,71
426400,72
426500,86
426600,74
426700,67
426800,67
426900,63
427000,64
427100,63
427200,80
427300,62
427400,64
427500,84
427600,64
427700,73
427800,80
427900,82
428000,70
428100,82
428200,75
428300,81
428400,69
428500,65
428600,81
428700,75
428800,68
428900,77
429000,69
429100,85
429200,70
429300,89
429400,74
429500,67
429600,76
429700,64
429800,77
429900,89
430000,66
430100,60
430200,65
430300,61
430400,74
430500,87
430600,85
430700,63
430800,72
430900,63
431000,89
431100,72
431200,65
431300,76
431400,63
431500,66
431600,61
431700,67
431800,62
431900,68
432000,79
432100,71
432200,63
432300,78
432400,66
432500,62
432600,65
432700,74
432800,82
432900,79
433000,63
433100,76
433200,81
433300,60
433400,66
433500,65
433600,89
433700,67
433800,77
433900,70
434000,88
434100,61
434200,86
434300,80
434400,72
434500,86
434600,61
434700,85
434800,70
434900,89
435000,78
435100,76
435200,82
435300,79
435400,72
435500,78
435600,67
435700,88
435800,66
435900,74
436000,73
436100,63
436200,71
436300,62
436400,71
436500,61
436600,75
436700,89
436800,69
436900,63
437000,68
437100,79
437200,69
437300,86
437400,88
437500,71
437600,64
437700,81
437800,84
437900,74
438000,62
438100,74
438200,88
438300,86
438400,70
438500,64
438600,72
438700,63
438800,70
438900,60
439000,88
439100,80
439200,79
439300,75
439400,87
439500,84
439600,62
439700,85
439800,77
439900,81
440000,87
440100,78
440200,83
440300,61
440400,86
440500,86
440600,84
440700,74
440800,68
440900,76
441000,72
441100,79
441200,74
441300,85
441400,76
441500,75
441600,74
441700,64
441800,65
441900,74
442000,72
442100,70
442200,84
442300,86
442400,65
442500,85
442600,73
442700,82
442800,73
442900,89
443000,84
443100,85
443200,66
443300,68
443400,88
443500,63
443600,89
443700,70
443800,61
443900,85
444000,67
444100,79
444200,81
444300,83
444400,79
444500,79
444600,66
444700,67
444800,82
444900,81
445000,78
445100,87
445200,67
445300,89
445400,79
445500,84
445600,75
445700,81
445800,61
445900,72
446000,63
446100,89
446200,77
446300,74
446400,81
446500,65
446600,86
446700,85
446800,88
446900,63
447000,75
447100,74
447200,63
447300,78
447400,82
447500,63
447600,73
447700,85
447800,60
447900,62
448000,75
448100,67
448200,81
448300,69
448400,75
448500,69
448600,77
448700,78
448800,84
448900,63
449000,85
449100,72
449200,68
449300,79
449400,89
449500,82
449600,61
449700,87
449800,60
449900,77
450000,64
450100,85
450200,77
450300,82
450400,63
450500,78
450600,86
450700,60
450800,69
450900,65
451000,75
451100,84
451200,72
451300,69
451400,86
451500,82
451600,79
451700,61
451800,76
451900,75
452000,85
452100,79
452200,70
452300,78
452400,67
452500,85
452600,68
452700,63
452800,65
452900,73
453000,73
453100,68
453200,70
453300,63
453400,60
453500,74
453600,60
453700,82
453800,72
453900,68
454000,72
454100,74
454200,62
454300,78
454400,72
454500,69
454600,84
454700,60
454800,82
454900,86
455000,87
455100,71
455200,89
455300,65
455400,88
455500,60
455600,60
455700,88
455800,88
455900,84
456000,61
456100,69
456200,74
456300,74
456400,62
456500,68
456600,73
456700,76
456800,89
456900,63
457000,85
457100,68
457200,71
457300,67
457400,67
457500,75
457600,60
457700,67
457800,75
457900,87
458000,65
458100,71
458200,69
458300,86
458400,78
458500,67
458600,89
458700,74
458800,72
458900,89
459000,65
459100,87
459200,88
459300,75
459400,87
459500,60
459600,87
459700,63
459800,82
459900,87
460000,88
460100,86
460200,82
460300,70
460400,69
460500,88
460600,81
460700,73
460800,75
460900,74
461000,82
461100,86
461200,85
461300,78
461400,63
461500,68
461600,89
461700,77
461800,63
461900,85
462000,61
462100,84
462200,81
462300,85
462400,75
462500,73
462600,73
462700,60
462800,80
462900,87
463000,67
463100,83
463200,77
463300,83
463400,80
463500,67
463600,72
463700,70
463800,72
463900,60
464000,74
464100,71
464200,83
464300,73
464400,62
464500,86
464600,83
464700,87
464800,71
464900,63
465000,79
465100,84
465200,86
465300,74
465400,70
465500,69
465600,74
465700,65
465800,80
465900,61
466000,82
466100,68
466200,61
466300,88
466400,72
466500,74
466600,71
466700,82
466800,78
466900,64
467000,79
467100,88
467200,72
467300,75
467400,70
467500,84
467600,67
467700,83
467800,81
467900,69
468000,81
468100,88
468200,62
468300,77
468400,78
468500,84
468600,83
468700,77
468800,68
468900,77
469000,64
469100,65
469200,88
469300,71
469400,83
469500,62
469600,73
469700,72
469800,79
469900,61
470000,62
470100,89
470200,68
470300,78
470400,87
470500,69
470600,75
470700,72
470800,81
470900,71
471000,82
471100,64
471200,85
471300,77
471400,86
471500,63
471600,88
471700,72
471800,64
471900,89
472000,86
472100,73
472200,72
472300,75
472400,76
472500,61
472600,64
472700,69
472800,79
472900,60
473000,70
473100,65
473200,76
473300,84
473400,64
473500,83
473600,62
473700,83
473800,80
473900,82
474000,65
474100,79
474200,83
474300,64
474400,67
474500,69
474600,68
474700,71
474800,80
474900,64
475000,64
475100,85
475200,61
475300,60
475400,84
475500,88
475600,86
475700,86
475800,83
475900,84
476000,72
476100,70
476200,65
476300,85
476400,65
476500,63
476600,89
476700,66
476800,69
476900,77
477000,85
477100,65
477200,63
477300,74
477400,65
477500,75
477600,70
477700,76
477800,75
477900,82
478000,89
478100,80
478200,78
478300,64
478400,87
478500,87
478600,67
478700,66
478800,64
478900,63
479000,89
479100,89
479200,83
479300,81
479400,71
479500,85
479600,76
479700,82
479800,79
479900,67
480000,63
480100,81
480200,77
480300,69
480400,71
480500,74
480600,62
480700,81
480800,60
480900,60
481000,83
481100,65
481200,60
481300,62
481400,69
481500,82
481600,77
481700,79
481800,87
481900,86
482000,82
482100,63
482200,76
482300,61
482400,63
482500,66
482600,68
482700,84
482800,60
482900,80
483000,79
483100,74
483200,87
483300,84
483400,65
483500,65
483600,65
483700,69
483800,72
483900,84
484000,79
484100,70
484200,73
484300,81
484400,86
484500,78
484600,80
484700,65
484800,79
484900,82
485000,74
485100,77
485200,65
485300,79
485400,74
485500,69
485600,70
485700,87
485800,79
485900,76
486000,65
486100,77
486200,70
486300,81
486400,64
486500,81
486600,81
486700,89
486800,62
486900,65
487000,77
487100,73
487200,87
487300,86
487400,83
487500,73
487600,80
487700,61
487800,88
487900,87
488000,71
488100,62
488200,84
488300,73
488400,89
488500,60
488600,85
488700,86
488800,87
488900,63
489000,73
489100,79
489200,63
489300,79
489400,63
489500,87
489600,84
489700,79
489800,79
489900,80
490000,63
490100,74
490200,83
490300,74
490400,79
490500,87
490600,87
490700,64
490800,67
490900,88
491000,73
491100,81
491200,89
491300,64
491400,87
491500,72
491600,69
491700,82
491800,82
491900,63
492000,67
492100,63
492200,86
492300,67
492400,66
492500,61
492600,68
492700,72
492800,79
492900,75
493000,85
493100,73
493200,70
493300,62
493400,63
493500,70
493600,62
493700,71
493800,88
493900,63
494000,70
494100,60
494200,87
494300,64
494400,83
494500,88
494600,84
494700,67
494800,63
494900,77
495000,83
495100,87
495200,77
495300,84
495400,71
495500,82
495600,65
495700,72
495800,61
495900,77
496000,71
496100,67
496200,88
496300,80
496400,78
496500,80
496600,63
496700,79
496800,64
496900,68
497000,81
497100,89
497200,78
497300,69
497400,71
497500,89
497600,85
497700,71
497800,78
497900,62
498000,78
498100,76
498200,61
498300,71
498400,71
498500,88
498600,72
498700,61
498800,85
498900,78
499000,70
499100,63
499200,89
499300,82
499400,74
499500,66
499600,82
499700,71
499800,79
499900,84
500000,69
500100,77
500200,84
500300,77
500400,83
500500,73
500600,61
500700,77
500800,64
500900,88
501000,69
501100,88
501200,88
501300,86
501400,76
501500,63
501600,60
501700,87
501800,63
501900,62
502000,86
502100,63
502200,67
502300,80
502400,84
502500,61
502600,68
502700,74
502800,83
502900,70
503000,77
503100,67
503200,60
503300,75
503400,73
503500,66
503600,65
503700,81
503800,76
503900,72
504000,80
504100,89
504200,83
504300,83
504400,80
504500,60
504600,66
504700,89
504800,72
504900,87
505000,83
505100,70
505200,63
505300,86
505400,81
505500,77
505600,81
505700,71
505800,88
505900,81
506000,89
506100,63
506200,86
506300,83
506400,61
506500,87
506600,74
506700,60
506800,61
506900,68
507000,76
507100,68
507200,63
507300,77
507400,62
507500,78
507600,76
507700,68
507800,73
507900,89
508000,62
508100,85
508200,64
508300,81
508400,68
508500,69
508600,86
508700,70
508800,80
508900,65
509000,60
509100,82
509200,79
509300,61
509400,77
509500,88
509600,89
509700,63
509800,82
509900,64
510000,68
510100,62
510200,71
510300,87
510400,69
510500,61
510600,89
510700,70
510800,79
510900,62
511000,87
511100,68
511200,72
511300,85
511400,86
511500,70
511600,79
511700,80
511800,76
511900,89
512000,85
512100,68
512200,84
512300,76
512400,76
512500,81
512600,66
512700,62
512800,88
512900,79
513000,82
513100,62
513200,67
513300,61
513400,84
513500,72
513600,70
513700,63
513800,66
513900,80
514000,81
514100,64
514200,79
514300,82
514400,85
514500,75
514600,81
514700,83
514800,71
514900,76
515000,80
515100,79
515200,62
515300,69
515400,82
515500,73
515600,83
515700,72
515800,82
515900,83
516000,76
516100,76
516200,85
516300,65
516400,70
516500,64
516600,69
516700,84
516800,83
516900,80
517000,71
517100,64
517200,84
517300,71
517400,77
517500,72
517600,61
517700,84
517800,88
517900,60
518000,78
518100,80
518200,65
518300,88
518400,73
518500,84
518600,83
518700,76
518800,79
518900,68
519000,60
519100,70
519200,71
519300,80
519400,67
519500,68
519600,65
519700,80
519800,88
519900,73
520000,88
520100,76
520200,65
520300,83
520400,87
520500,68
520600,67
520700,87
520800,67
520900,83
521000,81
521100,66
521200,78
521300,60
521400,65
521500,73
521600,62
521700,71
521800,71
521900,70
522000,83
522100,83
522200,64
522300,88
522400,64
522500,83
522600,72
522700,68
522800,61
522900,75
523000,68
523100,85
523200,79
523300,62
523400,71
523500,73
523600,71
523700,76
523800,69
523900,68
524000,61
524100,89
524200,63
524300,64
524400,78
524500,77
524600,70
524700,64
524800,71
524900,73
525000,62
525100,61
525200,70
525300,64
525400,88
525500,69
525600,77
525700,69
525800,78
525900,72
526000,70
526100,61
526200,81
526300,81
526400,87
526500,76
526600,71
526700,79
526800,66
526900,75
527000,80
527100,80
527200,66
527300,80
527400,70
527500,63
527600,60
527700,61
527800,81
527900,80
528000,88
528100,64
528200,80
528300,88
528400,74
528500,75
528600,71
528700,73
528800,64
528900,72
529000,84
529100,69
529200,83
529300,61
529400,69
529500,66
529600,63
529700,85
529800,81
529900,70
530000,73
530100,85
530200,71
530300,62
530400,76
530500,81
530600,66
530700,63
530800,76
530900,78
531000,61
531100,61
531200,81
531300,67
531400,78
531500,62
531600,80
531700,67
531800,76
531900,75
532000,64
532100,70
532200,70
532300,63
532400,85
532500,69
532600,77
532700,66
532800,72
532900,62
533000,87
533100,63
533200,64
533300,60
533400,89
533500,87
533600,83
533700,81
533800,86
533900,89
534000,70
534100,83
534200,74
534300,68
534400,85
534500,70
534600,75
534700,75
534800,64
534900,83
535000,62
535100,75
535200,78
535300,87
535400,65
535500,89
535600,61
535700,73
535800,81
535900,88
536000,78
536100,68
536200,70
536300,66
536400,85
536500,60
536600,63
536700,87
536800,81
536900,61
537000,66
537100,66
537200,62
537300,82
537400,84
537500,81
537600,82
537700,61
537800,89
537900,74
538000,63
538100,73
538200,84
538300,85
538400,89
538500,78
538600,63
538700,61
538800,75
538900,79
539000,63
539100,88
539200,83
539300,85
539400,63
539500,71
539600,63
539700,85
539800,77
539900,86
540000,80
540100,79
540200,80
540300,71
540400,61
540500,75
540600,70
540700,70
540800,84
540900,68
541000,73
541100,82
541200,73
541300,75
541400,81
541500,86
541600,63
541700,70
541800,60
541900,87
542000,73
542100,65
542200,82
542300,77
542400,79
542500,88
542600,78
542700,82
542800,78
542900,70
543000,72
543100,88
543200,81
543300,78
543400,80
543500,87
543600,63
543700,65
543800,83
543900,61
544000,68
544100,80
544200,79
544300,82
544400,78
544500,80
544600,67
544700,87
544800,89
544900,87
545000,75
545100,62
545200,83
545300,60
545400,83
545500,70
545600,66
545700,73
545800,83
545900,72
546000,71
546100,71
546200,62
546300,86
546400,62
546500,72
546600,65
546700,74
546800,62
546900,64
547000,60
547100,79
547200,66
547300,68
547400,60
547500,83
547600,64
547700,63
547800,78
547900,85
548000,77
548100,80
548200,81
548300,81
548400,82
548500,87
548600,74
548700,73
548800,63
548900,81
549000,79
549100,71
549200,66
549300,82
549400,65
549500,79
549600,63
549700,76
549800,76
549900,81
550000,62
550100,88
550200,82
550300,60
550400,65
550500,72
550600,75
550700,77
550800,85
550900,66
551000,67
551100,69
551200,76
551300,76
551400,78
551500,61
551600,76
551700,87
551800,88
551900,89
552000,70
552100,78
552200,74
552300,70
552400,88
552500,71
552600,84
552700,68
552800,72
552900,72
553000,62
553100,72
553200,72
553300,63
553400,86
553500,80
553600,75
553700,79
553800,62
553900,72
554000,87
554100,77
554200,87
554300,63
554400,66
554500,74
554600,75
554700,71
554800,68
554900,61
555000,76
555100,88
555200,61
555300,62
555400,86
555500,83
555600,63
555700,75
555800,88
555900,73
556000,84
556100,83
556200,64
556300,70
556400,66
556500,88
556600,63
556700,84
556800,71
556900,60
557000,86
557100,71
557200,84
557300,83
557400,70
557500,67
557600,63
557700,74
557800,62
557900,80
558000,66
558100,66
558200,74
558300,81
558400,68
558500,61
558600,66
558700,81
558800,70
558900,80
559000,67
559100,76
559200,89
559300,71
559400,88
559500,86
559600,86
559700,77
559800,72
559900,68
560000,87
560100,67
560200,60
560300,73
560400,84
560500,89
560600,65
560700,79
560800,65
560900,85
561000,73
561100,80
561200,67
561300,65
561400,77
561500,83
561600,63
561700,75
561800,61
561900,60
562000,89
562100,65
562200,78
562300,89
562400,75
562500,80
562600,60
562700,74
562800,62
562900,78
563000,63
563100,86
563200,65
563300,84
563400,68
563500,83
563600,69
563700,61
563800,60
563900,66
564000,60
564100,83
564200,72
564300,72
564400,63
564500,87
564600,80
564700,86
564800,83
564900,86
565000,65
565100,80
565200,74
565300,65
565400,85
565500,67
565600,82
565700,74
565800,62
565900,75
566000,70
566100,74
566200,89
566300,68
566400,62
566500,61
566600,73
566700,73
566800,61
566900,61
567000,62
567100,61
567200,77
567300,80
567400,80
567500,80
567600,88
567700,70
567800,72
567900,78
568000,73
568100,81
568200,80
568300,75
568400,88
568500,65
568600,80
568700,78
568800,83
568900,82
569000,69
569100,80
569200,78
569300,82
569400,82
569500,88
569600,85
569700,64
569800,80
569900,85
570000,76
570100,78
570200,71
570300,73
570400,77
570500,71
570600,64
570700,71
570800,86
570900,66
571000,60
571100,83
571200,76
571300,87
571400,79
571500,76
571600,74
571700,65
571800,71
571900,74
572000,86
572100,70
572200,87
572300,80
572400,83
572500,84
572600,80
572700,70
572800,81
572900,77
573000,83
573100,87
573200,61
573300,60
573400,69
573500,71
573600,74
573700,65
573800,69
573900,63
574000,89
574100,88
574200,73
574300,88
574400,87
574500,64
574600,65
574700,74
574800,75
574900,83
575000,82
575100,73
575200,83
575300,75
575400,80
575500,64
575600,74
575700,82
575800,66
575900,68
576000,72
576100,72
576200,79
576300,80
576400,61
576500,73
576600,63
576700,88
576800,81
576900,83
577000,83
577100,63
577200,89
577300,74
577400,79
577500,64
577600,67
577700,76
577800,88
577900,64
578000,87
578100,73
578200,81
578300,69
578400,60
578500,80
578600,87
578700,88
578800,89
578900,65
579000,89
579100,62
579200,83
579300,81
579400,87
579500,62
579600,82
579700,63
579800,62
579900,82
580000,66
580100,69
580200,69
580300,78
580400,77
580500,80
580600,70
580700,65
580800,61
580900,69
581000,88
581100,81
581200,61
581300,68
581400,74
581500,67
581600,89
581700,70
581800,72
581900,83
582000,74
582100,81
582200,66
582300,77
582400,89
582500,64
582600,81
582700,73
582800,72
582900,83
583000,62
583100,66
583200,65
583300,75
583400,62
583500,70
583600,89
583700,74
583800,85
583900,87
584000,85
584100,63
584200,72
584300,88
584400,67
584500,61
584600,68
584700,61
584800,75
584900,79
585000,65
585100,60
585200,66
585300,63
585400,73
585500,61
585600,74
585700,60
585800,87
585900,86
586000,86
586100,73
586200,65
586300,77
586400,82
586500,89
586600,67
586700,68
586800,77
586900,66
587000,71
587100,70
587200,68
587300,69
587400,77
587500,63
587600,81
587700,73
587800,60
587900,87
588000,72
588100,84
588200,60
588300,62
588400,85
588500,71
588600,78
588700,73
588800,70
588900,62
589000,60
589100,74
589200,86
589300,69
589400,67
589500,61
589600,86
589700,74
589800,64
589900,73
590000,87
590100,80
590200,85
590300,85
590400,64
590500,61
590600,61
590700,77
590800,86
590900,80
591000,76
591100,60
591200,62
591300,64
591400,85
591500,65
591600,83
591700,65
591800,82
591900,61
592000,62
592100,61
592200,67
592300,79
592400,65
592500,68
592600,89
592700,70
592800,84
592900,67
593000,72
593100,62
593200,62
593300,66
593400,73
593500,75
593600,78
593700,79
593800,75
593900,60
594000,79
594100,75
594200,63
594300,74
594400,88
594500,83
594600,69
594700,72
594800,78
594900,69
595000,62
595100,75
595200,78
595300,79
595400,80
595500,62
595600,80
595700,72
595800,73
595900,67
596000,63
596100,88
596200,66
596300,76
596400,74
596500,75
596600,71
596700,89
596800,64
596900,75
597000,86
597100,63
597200,64
597300,69
597400,87
597500,63
597600,88
597700,72
597800,77
597900,84
598000,70
598100,69
598200,71
598300,64
598400,65
598500,88
598600,64
598700,66
598800,64
598900,89
599000,64
599100,87
599200,63
599300,61
599400,67
599500,65
599600,69
599700,72
599800,82
599900,65
600000,66
600100,72
600200,88
600300,73
600400,67
600500,80
600600,87
600700,78
600800,69
600900,78
601000,84
601100,74
601200,87
601300,64
601400,85
601500,61
601600,85
601700,68
601800,88
601900,82
602000,66
602100,87
602200,74
602300,88
602400,63
602500,79
602600,86
602700,65
602800,83
602900,70
603000,68
603100,68
603200,76
603300,85
603400,71
603500,62
603600,64
603700,83
603800,89
603900,69
604000,63
604100,75
604200,71
604300,83
604400,75
604500,87
604600,64
604700,85
604800,67
604900,89
605000,79
605100,66
605200,69
605300,89
605400,82
605500,75
605600,82
605700,75
605800,67
605900,61
606000,76
606100,75
606200,81
606300,62
606400,72
606500,86
606600,64
606700,72
606800,72
606900,84
607000,80
607100,79
607200,88
607300,86
607400,69
607500,67
607600,74
607700,85
607800,75
607900,66
608000,86
608100,64
608200,62
608300,62
608400,88
608500,84
608600,88
608700,88
608800,65
608900,72
609000,71
609100,61
609200,71
609300,83
609400,86
609500,62
609600,82
609700,79
609800,64
609900,88
610000,86
610100,85
610200,72
610300,79
610400,82
610500,73
610600,67
610700,75
610800,84
610900,82
611000,60
611100,68
611200,87
611300,87
611400,74
611500,63
611600,77
611700,88
611800,70
611900,74
612000,66
612100,81
612200,75
612300,76
612400,76
612500,64
612600,81
612700,65
612800,83
612900,67
613000,88
613100,70
613200,60
613300,88
613400,86
613500,80
613600,65
613700,76
613800,87
613900,88
614000,88
614100,75
614200,72
614300,88
614400,63
614500,70
614600,68
614700,80
614800,82
614900,67
615000,80
615100,70
615200,87
615300,62
615400,81
615500,83
615600,62
615700,62
615800,78
615900,76
616000,86
616100,85
616200,82
616300,85
616400,64
616500,67
616600,74
616700,67
616800,66
616900,83
617000,79
617100,77
617200,82
617300,68
617400,89
617500,71
617600,62
617700,84
617800,60
617900,62
618000,86
618100,62
618200,69
618300,64
618400,86
618500,62
618600,80
618700,77
618800,82
618900,84
619000,84
619100,61
619200,78
619300,70
619400,76
619500,67
619600,72
619700,78
619800,81
619900,85
620000,81
620100,73
620200,85
620300,89
620400,77
620500,82
620600,66
620700,84
620800,85
620900,61
621000,67
621100,62
621200,84
621300,75
621400,75
621500,67
621600,67
621700,68
621800,72
621900,66
622000,82
622100,86
622200,61
622300,64
622400,88
622500,63
622600,77
622700,61
622800,85
622900,70
623000,60
623100,88
623200,82
623300,84
623400,83
623500,65
623600,88
623700,71
623800,82
623900,63
624000,72
624100,63
624200,75
624300,69
624400,84
624500,74
624600,84
624700,73
624800,87
624900,65
625000,80
625100,61
625200,89
625300,78
625400,81
625500,62
625600,79
625700,61
625800,86
625900,68
626000,67
626100,84
626200,66
626300,68
626400,86
626500,83
626600,71
626700,84
626800,61
626900,83
627000,83
627100,72
627200,85
627300,89
627400,86
627500,84
627600,75
627700,77
627800,66
627900,69
628000,87
628100,64
628200,85
628300,70
628400,68
628500,65
628600,76
628700,61
628800,76
628900,81
629000,80
629100,65
629200,71
629300,74
629400,64
629500,89
629600,73
629700,70
629800,65
629900,88
630000,85
630100,65
630200,84
630300,70
630400,60
630500,80
630600,89
630700,69
630800,67
630900,89
631000,68
631100,82
631200,70
631300,82
631400,84
631500,72
631600,67
631700,76
631800,86
631900,84
632000,60
632100,74
632200,78
632300,81
632400,63
632500,63
632600,89
632700,64
632800,60
632900,69
633000,66
633100,89
633200,82
633300,62
633400,65
633500,70
633600,81
633700,67
633800,69
633900,84
634000,67
634100,67
634200,86
634300,82
634400,74
634500,67
634600,85
634700,82
634800,73
634900,89
635000,60
635100,66
635200,72
635300,68
635400,76
635500,74
635600,70
635700,78
635800,88
635900,71
636000,68
636100,69
636200,71
636300,81
636400,72
636500,66
636600,89
636700,74
636800,76
636900,86
637000,68
637100,69
637200,83
637300,76
637400,87
637500,75
637600,86
637700,67
637800,85
637900,77
638000,73
638100,71
638200,70
638300,67
638400,88
638500,89
638600,61
638700,68
638800,68
638900,63
639000,78
639100,75
639200,88
639300,78
639400,83
639500,79
639600,65
639700,89
639800,69
639900,72
640000,61
640100,70
640200,71
640300,66
640400,81
640500,75
640600,61
640700,89
640800,73
640900,86
641000,89
641100,74
641200,60
641300,88
641400,60
641500,85
641600,78
641700,61
641800,87
641900,88
642000,65
642100,72
642200,63
642300,89
642400,67
642500,78
642600,61
642700,82
642800,89
642900,78
643000,88
643100,74
643200,68
643300,73
643400,71
643500,68
643600,88
643700,82
643800,62
643900,86
644000,86
644100,63
644200,79
644300,72
644400,84
644500,81
644600,76
644700,62
644800,70
644900,69
645000,78
645100,82
645200,73
645300,73
645400,64
645500,75
645600,70
645700,82
645800,78
645900,63
646000,80
646100,79
646200,87
646300,73
646400,68
646500,63
646600,89
646700,62
646800,75
646900,70
647000,89
647100,83
647200,71
647300,72
647400,77
647500,76
647600,80
647700,60
647800,65
647900,73
648000,68
648100,64
648200,76
648300,86
648400,63
648500,69
648600,85
648700,77
648800,66
648900,79
649000,75
649100,74
649200,68
649300,80
649400,83
649500,76
649600,66
649700,63
649800,88
649900,80
650000,60
650100,78
650200,86
650300,60
650400,78
650500,84
650600,81
650700,68
650800,88
650900,85
651000,82
651100,87
651200,86
651300,82
651400,66
651500,86
651600,69
651700,86
651800,87
651900,67
652000,76
652100,82
652200,87
652300,72
652400,77
652500,87
652600,89
652700,60
652800,84
652900,81
653000,85
653100,86
653200,84
653300,74
653400,81
653500,63
653600,78
653700,89
653800,83
653900,83
654000,77
654100,73
654200,89
654300,75
654400,86
654500,61
654600,73
654700,82
654800,66
654900,69
655000,77
655100,60
655200,73
655300,71
655400,60
655500,79
655600,71
655700,72
655800,82
655900,88
656000,72
656100,89
656200,84
656300,72
656400,82
656500,69
656600,71
656700,89
656800,67
656900,86
657000,74
657100,66
657200,65
657300,76
657400,84
657500,82
657600,75
657700,80
657800,80
657900,74
658000,77
658100,67
658200,77
658300,73
658400,84
658500,84
658600,77
658700,86
658800,78
658900,61
659000,71
659100,66
659200,78
659300,86
659400,71
659500,60
659600,77
659700,79
659800,79
659900,60
660000,76
660100,75
660200,63
660300,80
660400,78
660500,61
660600,66
660700,89
660800,86
660900,74
661000,71
661100,80
661200,81
661300,73
661400,74
661500,80
661600,72
661700,63
661800,84
661900,85
662000,88
662100,61
662200,60
662300,71
662400,60
662500,85
662600,85
662700,73
662800,65
662900,68
663000,71
663100,65
663200,73
663300,66
663400,67
663500,71
663600,60
663700,87
663800,70
663900,78
664000,82
664100,76
664200,76
664300,71
664400,78
664500,74
664600,87
664700,64
664800,81
664900,76
665000,71
665100,83
665200,78
665300,88
665400,75
665500,88
665600,78
665700,71
665800,81
665900,78
666000,79
666100,65
666200,65
666300,71
666400,77
666500,88
666600,86
666700,86
666800,64
666900,64
667000,89
667100,72
667200,67
667300,80
667400,74
667500,68
667600,72
667700,65
667800,79
667900,73
668000,84
668100,75
668200,64
668300,85
668400,73
668500,87
668600,60
668700,64
668800,72
668900,73
669000,80
669100,76
669200,62
669300,72
669400,85
669500,60
669600,65
669700,84
669800,84
669900,66
670000,88
670100,81
670200,77
670300,70
670400,85
670500,61
670600,77
670700,78
670800,87
670900,64
671000,85
671100,76
671200,87
671300,74
671400,88
671500,82
671600,85
671700,87
671800,64
671900,66
672000,82
672100,71
672200,63
672300,78
672400,75
672500,60
672600,82
672700,62
672800,63
672900,80
673000,60
673100,89
673200,72
673300,84
673400,66
673500,78
673600,81
673700,71
673800,66
673900,73
674000,86
674100,68
674200,61
674300,64
674400,69
674500,79
674600,77
674700,64
674800,75
674900,89
675000,74
675100,81
675200,61
675300,65
675400,85
675500,61
675600,89
675700,75
675800,60
675900,69
676000,86
676100,70
676200,69
676300,86
676400,84
676500,83
676600,87
676700,65
676800,85
676900,69
677000,75
677100,84
677200,64
677300,73
677400,83
677500,64
677600,63
677700,68
677800,61
677900,76
678000,88
678100,80
678200,61
678300,60
678400,61
678500,66
678600,85
678700,60
678800,89
678900,70
679000,89
679100,72
679200,62
679300,65
679400,82
679500,85
679600,88
679700,65
679800,61
679900,72
680000,79
680100,80
680200,74
680300,86
680400,68
680500,66
680600,77
680700,80
680800,65
680900,87
681000,88
681100,85
681200,79
681300,71
681400,66
681500,77
681600,89
681700,87
681800,66
681900,72
682000,76
682100,81
682200,66
682300,69
682400,68
682500,76
682600,70
682700,85
682800,82
682900,86
683000,72
683100,77
683200,73
683300,65
683400,81
683500,77
683600,65
683700,83
683800,77
683900,87
684000,65
684100,85
684200,69
684300,88
684400,84
684500,69
684600,65
684700,88
684800,64
684900,68
685000,76
685100,61
685200,67
685300,87
685400,80
685500,81
685600,60
685700,76
685800,89
685900,61
686000,81
686100,83
686200,81
686300,82
686400,75
686500,89
686600,75
686700,70
686800,65
686900,83
687000,69
687100,74
687200,81
687300,76
687400,60
687500,86
687600,81
687700,86
687800,83
687900,87
688000,79
688100,84
688200,83
688300,81
688400,60
688500,83
688600,65
688700,69
688800,70
688900,80
689000,74
689100,88
689200,66
689300,83
689400,71
689500,67
689600,88
689700,71
689800,89
689900,81
690000,76
690100,68
690200,69
690300,78
690400,78
690500,71
690600,76
690700,75
690800,78
690900,75
691000,84
691100,77
691200,82
691300,64
691400,87
691500,78
691600,60
691700,81
691800,89
691900,83
692000,76
692100,72
692200,78
692300,71
692400,77
692500,60
692600,75
692700,67
692800,60
692900,61
693000,71
693100,79
693200,64
693300,61
693400,72
693500,67
693600,64
693700,80
693800,82
693900,65
694000,62
694100,86
694200,64
694300,75
694400,77
694500,63
694600,86
694700,74
694800,61
694900,67
695000,82
695100,72
695200,81
695300,65
695400,84
695500,66
695600,88
695700,77
695800,81
695900,63
696000,69
696100,67
696200,86
696300,85
696400,75
696500,65
696600,67
696700,79
696800,61
696900,62
697000,85
697100,87
697200,80
697300,75
697400,81
697500,78
697600,83
697700,69
697800,64
697900,68
698000,88
698100,73
698200,85
698300,72
698400,74
698500,89
698600,83
698700,72
698800,74
698900,69
699000,84
699100,69
699200,62
699300,73
699400,67
699500,71
699600,70
699700,60
699800,70
699900,62
700000,73
700100,63
700200,69
700300,72
700400,61
700500,80
700600,68
700700,86
700800,71
700900,82
701000,63
701100,61
701200,80
701300,77
701400,82
701500,84
701600,89
701700,86
701800,89
701900,82
702000,68
702100,78
702200,66
702300,88
702400,88
702500,79
702600,86
702700,80
702800,63
702900,74
703000,82
703100,68
703200,74
703300,79
703400,67
703500,87
703600,83
703700,77
703800,71
703900,62
704000,77
704100,82
704200,65
704300,85
704400,62
704500,80
704600,77
704700,87
704800,84
704900,61
705000,80
705100,63
705200,85
705300,88
705400,88
705500,89
705600,71
705700,82
705800,67
705900,72
706000,84
706100,66
706200,87
706300,79
706400,66
706500,66
706600,73
706700,82
706800,70
706900,72
707000,88
707100,68
707200,87
707300,87
707400,72
707500,72
707600,78
707700,69
707800,85
707900,83
708000,64
708100,63
708200,70
708300,85
708400,79
708500,61
708600,78
708700,78
708800,73
708900,88
709000,77
709100,79
709200,84
709300,74
709400,72
709500,84
709600,84
709700,71
709800,60
709900,60
710000,85
710100,62
710200,61
710300,74
710400,71
710500,86
710600,74
710700,72
710800,68
710900,88
711000,72
711100,67
711200,65
711300,70
711400,82
711500,89
711600,85
711700,83
711800,88
711900,70
712000,61
712100,61
712200,79
712300,75
712400,85
712500,75
712600,84
712700,89
712800,64
712900,73
713000,72
713100,87
713200,70
713300,88
713400,85
713500,65
713600,69
713700,68
713800,84
713900,73
714000,71
714100,68
714200,70
714300,69
714400,67
714500,60
714600,82
714700,61
714800,62
714900,71
715000,88
715100,79
715200,81
715300,72
715400,76
715500,87
715600,86
715700,61
715800,60
715900,89
716000,81
716100,75
716200,72
716300,73
716400,81
716500,81
716600,71
716700,86
716800,69
716900,73
717000,72
717100,68
717200,88
717300,70
717400,68
717500,84
717600,68
717700,79
717800,80
717900,76
718000,70
718100,71
718200,81
718300,70
718400,62
718500,80
718600,77
718700,64
718800,71
718900,75
719000,70
719100,87
719200,70
719300,84
719400,80
719500,72
719600,68
719700,60
719800,74
719900,61
720000,67
720100,73
720200,62
720300,66
720400,72
720500,76
720600,66
720700,78
720800,72
720900,80
721000,62
721100,83
721200,70
721300,84
721400,83
721500,78
721600,83
721700,72
721800,74
721900,67
722000,66
722100,63
722200,71
722300,82
722400,61
722500,74
722600,83
722700,62
722800,68
722900,81
723000,79
723100,83
723200,81
723300,73
723400,81
723500,65
723600,83
723700,79
723800,73
723900,71
724000,76
724100,82
724200,64
724300,68
724400,85
724500,62
724600,71
724700,84
724800,69
724900,69
725000,61
725100,76
725200,60
725300,73
725400,89
725500,77
725600,85
725700,88
725800,67
725900,82
726000,73
726100,77
726200,62
726300,89
726400,77
726500,74
726600,65
726700,81
726800,83
726900,66
727000,73
727100,77
727200,81
727300,76
727400,69
727500,66
727600,69
727700,62
727800,66
727900,73
728000,88
728100,80
728200,67
728300,84
728400,82
728500,79
728600,78
728700,66
728800,60
728900,70
729000,84
729100,83
729200,62
729300,73
729400,60
729500,65
729600,75
729700,67
729800,89
729900,67
730000,74
730100,79
730200,86
730300,76
730400,66
730500,73
730600,88
730700,70
730800,86
730900,73
731000,86
731100,87
731200,64
731300,86
731400,89
731500,69
731600,86
731700,68
731800,79
731900,65
732000,79
732100,63
732200,63
732300,63
732400,75
732500,68
732600,66
732700,84
732800,82
732900,68
733000,65
733100,75
733200,72
733300,67
733400,81
733500,69
733600,85
733700,62
733800,80
733900,87
734000,72
734100,74
734200,87
734300,76
734400,86
734500,75
734600,85
734700,68
734800,71
734900,74
735000,78
735100,69
735200,83
735300,73
735400,73
735500,64
735600,68
735700,88
735800,75
735900,72
736000,81
736100,87
736200,81
736300,68
736400,61
736500,60
736600,88
736700,87
736800,89
736900,76
737000,76
737100,84
737200,70
737300,87
737400,70
737500,89
737600,62
737700,79
737800,85
737900,68
738000,89
738100,65
738200,88
738300,69
738400,64
738500,78
738600,71
738700,65
738800,89
738900,89
739000,85
739100,68
739200,73
739300,82
739400,84
739500,83
739600,75
739700,79
739800,68
739900,64
740000,78
740100,73
740200,72
740300,64
740400,79
740500,76
740600,87
740700,82
740800,81
740900,60
741000,71
741100,67
741200,87
741300,79
741400,60
741500,63
741600,67
741700,64
741800,65
741900,85
742000,77
742100,84
742200,87
742300,75
742400,80
742500,62
742600,70
742700,89
742800,85
742900,63
743000,70
743100,76
743200,74
743300,63
743400,84
743500,69
743600,72
743700,67
743800,89
743900,70
744000,80
744100,70
744200,84
744300,86
744400,88
744500,64
744600,72
744700,67
744800,69
744900,70
745000,78
745100,73
745200,72
745300,80
745400,67
745500,64
745600,67
745700,71
745800,65
745900,64
746000,72
746100,79
746200,85
746300,77
746400,84
746500,64
746600,70
746700,60
746800,74
746900,64
747000,65
747100,86
747200,70
747300,82
747400,63
747500,68
747600,65
747700,74
747800,68
747900,84
748000,82
748100,62
748200,79
748300,62
748400,63
748500,79
748600,71
748700,81
748800,83
748900,65
749000,62
749100,62
749200,64
749300,80
749400,61
749500,69
749600,70
749700,86
749800,69
749900,81
750000,87
750100,82
750200,61
750300,65
750400,60
750500,82
750600,81
750700,71
750800,68
750900,61
751000,69
751100,88
751200,87
751300,65
751400,81
751500,86
751600,64
751700,77
751800,60
751900,86
752000,62
752100,83
752200,69
752300,75
752400,86
752500,70
752600,75
752700,84
752800,87
752900,73
753000,69
753100,78
753200,74
753300,76
753400,70
753500,70
753600,82
753700,76
753800,66
753900,64
754000,74
754100,69
754200,65
754300,83
754400,80
754500,84
754600,83
754700,81
754800,83
754900,64
755000,65
755100,74
755200,81
755300,64
755400,76
755500,83
755600,62
755700,68
755800,79
755900,70
756000,62
756100,68
756200,67
756300,64
756400,82
756500,81
756600,69
756700,86
756800,61
756900,89
757000,83
757100,74
757200,86
757300,83
757400,60
757500,76
757600,86
757700,88
757800,84
757900,69
758000,68
758100,70
758200,60
758300,68
758400,76
758500,74
758600,89
758700,88
758800,65
758900,75
759000,67
759100,81
759200,82
759300,84
759400,83
759500,76
759600,66
759700,89
759800,66
759900,84
760000,64
760100,69
760200,86
760300,87
760400,87
760500,75
760600,82
760700,69
760800,85
760900,69
761000,72
761100,72
761200,69
761300,64
761400,73
761500,81
761600,66
761700,78
761800,76
761900,60
762000,86
762100,86
762200,71
762300,83
762400,75
762500,63
762600,63
762700,73
762800,75
762900,70
763000,76
763100,85
763200,86
763300,78
763400,60
763500,69
763600,87
763700,60
763800,83
763900,82
764000,82
764100,76
764200,67
764300,86
764400,62
764500,78
764600,74
764700,79
764800,80
764900,69
765000,72
765100,85
765200,86
765300,72
765400,82
765500,81
765600,75
765700,80
765800,76
765900,68
766000,62
766100,81
766200,80
766300,83
766400,77
766500,66
766600,77
766700,86
766800,65
766900,78
767000,60
767100,64
767200,62
767300,88
767400,69
767500,64
767600,80
767700,71
767800,89
767900,81
768000,66
768100,64
768200,65
768300,71
768400,80
768500,79
768600,71
768700,75
768800,69
768900,66
769000,89
769100,79
769200,63
769300,75
769400,75
769500,79
769600,75
769700,74
769800,69
769900,65
770000,67
770100,83
770200,75
770300,60
770400,70
770500,74
770600,88
770700,74
770800,87
770900,75
771000,78
771100,70
771200,70
771300,77
771400,73
771500,63
771600,71
771700,89
771800,69
771900,87
772000,66
772100,79
772200,82
772300,86
772400,79
772500,78
772600,64
772700,77
772800,66
772900,79
773000,72
773100,73
773200,68
773300,61
773400,71
773500,81
773600,62
773700,85
773800,70
773900,71
774000,64
774100,83
774200,76
774300,66
774400,76
774500,78
774600,88
774700,65
774800,64
774900,87
775000,87
775100,77
775200,62
775300,81
775400,71
775500,67
775600,60
775700,78
775800,62
775900,71
776000,72
776100,75
776200,87
776300,61
776400,76
776500,69
776600,86
776700,68
776800,87
776900,70
777000,81
777100,84
777200,64
777300,72
777400,87
777500,80
777600,81
777700,81
777800,69
777900,74
778000,64
778100,88
778200,78
778300,71
778400,65
778500,60
778600,66
778700,82
778800,86
778900,61
779000,63
779100,72
779200,69
779300,86
779400,72
779500,62
779600,77
779700,70
779800,77
779900,88
780000,89
780100,88
780200,64
780300,87
780400,79
780500,71
780600,72
780700,88
780800,64
780900,78
781000,84
781100,85
781200,89
781300,69
781400,81
781500,73
781600,63
781700,68
781800,72
781900,72
782000,84
782100,64
782200,75
782300,73
782400,80
782500,76
782600,87
782700,60
782800,66
782900,88
783000,82
783100,83
783200,62
783300,65
783400,67
783500,89
783600,76
783700,70
783800,85
783900,81
784000,73
784100,70
784200,64
784300,63
784400,75
784500,67
784600,63
784700,73
784800,61
784900,67
785000,63
785100,80
785200,71
785300,77
785400,70
785500,77
785600,79
785700,76
785800,75
785900,85
786000,63
786100,62
786200,66
786300,65
786400,70
786500,60
786600,80
786700,82
786800,83
786900,67
787000,73
787100,83
787200,61
787300,69
787400,70
787500,86
787600,78
787700,89
787800,64
787900,63
788000,78
788100,66
788200,87
788300,64
788400,80
788500,69
788600,72
788700,77
788800,74
788900,86
789000,69
789100,80
789200,87
789300,77
789400,67
789500,76
789600,67
789700,86
789800,87
789900,76
790000,74
790100,77
790200,64
790300,85
790400,61
790500,69
790600,78
790700,83
790800,87
790900,79
791000,83
791100,67
791200,87
791300,76
791400,84
791500,74
791600,85
791700,74
791800,82
791900,62
792000,79
792100,78
792200,89
792300,67
792400,61
792500,86
792600,63
792700,64
792800,65
792900,72
793000,77
793100,66
793200,84
793300,85
793400,74
793500,81
793600,72
793700,64
793800,72
793900,66
794000,83
794100,60
794200,61
794300,74
794400,68
794500,85
794600,66
794700,68
794800,74
794900,83
795000,74
795100,70
795200,80
795300,67
795400,72
795500,88
795600,72
795700,65
795800,88
795900,82
796000,73
796100,84
796200,77
796300,85
796400,84
796500,68
796600,65
796700,77
796800,70
796900,61
797000,73
797100,76
797200,75
797300,79
797400,81
797500,86
797600,77
797700,63
797800,84
797900,83
798000,74
798100,83
798200,67
798300,60
798400,85
798500,87
798600,68
798700,79
798800,71
798900,77
799000,74
799100,87
799200,72
799300,70
799400,77
799500,87
799600,67
799700,66
799800,74
799900,70
800000,73
800100,69
800200,78
800300,78
800400,83
800500,61
800600,62
800700,71
800800,88
800900,80
801000,75
801100,70
801200,68
801300,69
801400,89
801500,61
801600,82
801700,79
801800,65
801900,70
802000,84
802100,75
802200,61
802300,76
802400,67
802500,71
802600,75
802700,77
802800,67
802900,66
803000,68
803100,81
803200,66
803300,62
803400,75
803500,69
803600,82
803700,82
803800,68
803900,61
804000,65
804100,72
804200,70
804300,83
804400,73
804500,71
804600,76
804700,64
804800,88
804900,70
805000,77
805100,71
805200,85
805300,60
805400,79
805500,75
805600,73
805700,71
805800,64
805900,60
806000,81
806100,63
806200,78
806300,87
806400,79
806500,78
806600,87
806700,66
806800,72
806900,76
807000,77
807100,89
807200,84
807300,64
807400,66
807500,85
807600,66
807700,75
807800,71
807900,89
808000,89
808100,70
808200,77
808300,60
808400,89
808500,69
808600,85
808700,64
808800,89
808900,63
809000,65
809100,69
809200,88
809300,63
809400,87
809500,65
809600,62
809700,79
809800,86
809900,84
810000,72
810100,67
810200,75
810300,60
810400,82
810500,70
810600,80
810700,81
810800,63
810900,78
811000,71
811100,86
811200,87
811300,72
811400,73
811500,73
811600,76
811700,61
811800,79
811900,65
812000,75
812100,81
812200,60
812300,66
812400,84
812500,83
812600,72
812700,68
812800,69
812900,63
813000,67
813100,79
813200,76
813300,60
813400,86
813500,75
813600,71
813700,68
813800,77
813900,74
814000,73
814100,85
814200,60
814300,65
814400,65
814500,70
814600,70
814700,80
814800,60
814900,84
815000,83
815100,65
815200,84
815300,63
815400,62
815500,83
815600,77
815700,76
815800,74
815900,62
816000,82
816100,83
816200,66
816300,74
816400,61
816500,68
816600,86
816700,85
816800,78
816900,73
817000,75
817100,70
817200,68
817300,79
817400,81
817500,62
817600,89
817700,73
817800,65
817900,60
818000,65
818100,73
818200,68
818300,71
818400,81
818500,83
818600,86
818700,78
818800,69
818900,69
819000,79
819100,71
819200,76
819300,79
819400,83
819500,81
819600,76
819700,61
819800,72
819900,63
820000,62
820100,85
820200,71
820300,67
820400,65
820500,89
820600,88
820700,82
820800,84
820900,78
821000,83
821100,63
821200,69
821300,80
821400,69
821500,67
821600,79
821700,70
821800,81
821900,62
822000,62
822100,88
822200,65
822300,87
822400,88
822500,80
822600,60
822700,81
822800,85
822900,88
823000,73
823100,72
823200,79
823300,87
823400,84
823500,66
823600,81
823700,61
823800,80
823900,72
824000,77
824100,65
824200,65
824300,68
824400,68
824500,74
824600,76
824700,85
824800,74
824900,70
825000,80
825100,66
825200,82
825300,72
825400,76
825500,78
825600,73
825700,76
825800,77
825900,87
826000,63
826100,78
826200,71
826300,62
826400,78
826500,67
826600,64
826700,62
826800,72
826900,71
827000,83
827100,61
827200,69
827300,80
827400,65
827500,85
827600,77
827700,83
827800,64
827900,84
828000,82
828100,73
828200,62
828300,66
828400,86
828500,64
828600,62
828700,71
828800,69
828900,73
829000,72
829100,64
829200,74
829300,86
829400,72
829500,78
829600,72
829700,69
829800,61
829900,66
830000,85
830100,87
830200,80
830300,75
830400,76
830500,62
830600,68
830700,68
830800,74
830900,79
831000,79
831100,82
831200,88
831300,88
831400,83
831500,62
831600,68
831700,69
831800,76
831900,88
832000,75
832100,60
832200,64
832300,74
832400,80
832500,88
832600,68
832700,80
832800,68
832900,68
833000,80
833100,84
833200,83
833300,76
833400,77
833500,80
833600,75
833700,76
833800,69
833900,62
834000,82
834100,89
834200,69
834300,68
834400,70
834500,67
834600,70
834700,87
834800,88
834900,61
835000,80
835100,89
835200,60
835300,61
835400,64
835500,68
835600,65
835700,77
835800,79
835900,80
836000,82
836100,67
836200,76
836300,64
836400,73
836500,66
836600,69
836700,63
836800,69
836900,67
837000,81
837100,83
837200,78
837300,87
837400,61
837500,66
837600,86
837700,62
837800,88
837900,71
838000,61
838100,60
838200,86
838300,88
838400,63
838500,68
838600,80
838700,78
838800,81
838900,88
839000,68
839100,89
839200,69
839300,87
839400,87
839500,66
839600,61
839700,68
839800,86
839900,88
840000,72
840100,67
840200,86
840300,69
840400,85
840500,67
840600,73
840700,72
840800,85
840900,85
841000,89
841100,61
841200,84
841300,83
841400,81
841500,60
841600,63
841700,75
841800,89
841900,73
842000,70
842100,73
842200,78
842300,68
842400,81
842500,79
842600,73
842700,63
842800,88
842900,79
843000,74
843100,84
843200,76
843300,69
843400,80
843500,71
843600,84
843700,88
843800,72
843900,61
844000,70
844100,63
844200,68
844300,60
844400,78
844500,63
844600,69
844700,73
844800,78
844900,85
845000,72
845100,89
845200,87
845300,79
845400,80
845500,68
845600,62
845700,80
845800,74
845900,79
846000,86
846100,61
846200,83
846300,76
846400,63
846500,70
846600,82
846700,86
846800,80
846900,76
847000,85
847100,69
847200,83
847300,72
847400,66
847500,76
847600,62
847700,65
847800,82
847900,76
848000,83
848100,75
848200,67
848300,69
848400,85
848500,78
848600,68
848700,69
848800,68
848900,66
849000,68
849100,76
849200,75
849300,64
849400,75
849500,71
849600,70
849700,80
849800,85
849900,60
850000,73
850100,83
850200,78
850300,86
850400,85
850500,68
850600,61
850700,81
850800,62
850900,75
851000,79
851100,71
851200,80
851300,77
851400,83
851500,75
851600,68
851700,78
851800,88
851900,61
852000,84
852100,89
852200,71
852300,66
852400,88
852500,79
852600,85
852700,87
852800,74
852900,66
853000,76
853100,60
853200,73
853300,75
853400,70
853500,69
853600,62
853700,74
853800,82
853900,69
854000,89
854100,67
854200,75
854300,68
854400,70
854500,87
854600,60
854700,66
854800,87
854900,78
855000,78
855100,70
855200,84
855300,76
855400,78
855500,71
855600,65
855700,69
855800,84
855900,79
856000,88
856100,60
856200,83
856300,73
856400,62
856500,76
856600,78
856700,65
856800,88
856900,70
857000,75
857100,85
857200,83
857300,63
857400,81
857500,75
857600,87
857700,89
857800,74
857900,83
858000,86
858100,77
858200,74
858300,84
858400,87
858500,81
858600,89
858700,74
858800,72
858900,78
859000,72
859100,65
859200,75
859300,72
859400,68
859500,61
859600,87
859700,86
859800,88
859900,80
860000,78
860100,61
860200,79
860300,80
860400,81
860500,63
860600,60
860700,79
860800,71
860900,85
861000,83
861100,69
861200,72
861300,65
861400,71
861500,63
861600,77
861700,78
861800,79
861900,60
862000,87
862100,79
862200,64
862300,73
862400,89
862500,80
862600,82
862700,60
862800,60
862900,74
863000,81
863100,72
863200,81
863300,67
863400,86
863500,73
863600,62
863700,79
863800,82
863900,67
864000,60
864100,79
864200,77
864300,86
864400,70
864500,74
864600,83
864700,68
864800,64
864900,77
865000,79
865100,62
865200,77
865300,69
865400,89
865500,66
865600,63
865700,69
865800,60
865900,74
866000,88
866100,62
866200,61
866300,77
866400,88
866500,65
866600,73
866700,64
866800,88
866900,87
867000,71
867100,62
867200,73
867300,80
867400,64
867500,82
867600,68
867700,70
867800,70
867900,63
868000,71
868100,61
868200,84
868300,87
868400,71
868500,85
868600,82
868700,69
868800,85
868900,79
869000,85
869100,86
869200,88
869300,73
869400,76
869500,63
869600,81
869700,78
869800,65
869900,64
870000,76
870100,66
870200,67
870300,77
870400,65
870500,80
870600,88
870700,72
870800,77
870900,75
871000,79
871100,75
871200,87
871300,63
871400,88
871500,85
871600,72
871700,63
871800,61
871900,86
872000,68
872100,88
872200,67
872300,65
872400,76
872500,62
872600,69
872700,85
872800,66
872900,79
873000,83
873100,65
873200,76
873300,64
873400,84
873500,63
873600,88
873700,76
873800,74
873900,70
874000,75
874100,60
874200,60
874300,75
874400,73
874500,81
874600,89
874700,61
874800,68
874900,72
875000,78
875100,73
875200,66
875300,79
875400,64
875500,67
875600,71
875700,67
875800,89
875900,67
876000,72
876100,83
876200,70
876300,62
876400,77
876500,64
876600,79
876700,76
876800,61
876900,64
877000,76
877100,81
877200,87
877300,64
877400,61
877500,86
877600,88
877700,60
877800,89
877900,76
878000,63
878100,89
878200,86
878300,72
878400,79
878500,64
878600,66
878700,71
878800,63
878900,68
879000,70
879100,67
879200,79
879300,88
879400,64
879500,80
879600,79
879700,68
879800,76
879900,64
880000,63
880100,73
880200,64
880300,70
880400,89
880500,85
880600,68
880700,85
880800,60
880900,60
881000,82
881100,74
881200,89
881300,88
881400,79
881500,71
881600,60
881700,61
881800,81
881900,80
882000,67
882100,84
882200,88
882300,68
882400,71
882500,75
882600,73
882700,80
882800,84
882900,70
883000,89
883100,85
883200,61
883300,83
883400,85
883500,66
883600,64
883700,75
883800,86
883900,87
884000,85
884100,76
884200,74
884300,83
884400,74
884500,86
884600,68
884700,83
884800,89
884900,67
885000,73
885100,86
885200,69
885300,77
885400,69
885500,78
885600,62
885700,69
885800,66
885900,79
886000,62
886100,73
886200,70
886300,60
886400,63
886500,85
886600,84
886700,72
886800,78
886900,88
887000,76
887100,61
887200,65
887300,63
887400,78
887500,76
887600,63
887700,70
887800,71
887900,88
888000,73
888100,80
888200,61
888300,72
888400,78
888500,67
888600,81
888700,68
888800,89
888900,68
889000,81
889100,62
889200,86
889300,69
889400,65
889500,78
889600,79
889700,76
889800,88
889900,61
890000,60
890100,82
890200,66
890300,78
890400,74
890500,75
890600,82
890700,67
890800,82
890900,61
891000,75
891100,69
891200,88
891300,85
891400,80
891500,61
891600,74
891700,72
891800,89
891900,68
892000,73
892100,88
892200,68
892300,78
892400,66
892500,63
892600,81
892700,76
892800,66
892900,74
893000,67
893100,69
893200,67
893300,60
893400,82
893500,74
893600,76
893700,67
893800,61
893900,72
894000,84
894100,80
894200,85
894300,60
894400,61
894500,78
894600,65
894700,77
894800,75
894900,73
895000,87
895100,78
895200,68
895300,69
895400,66
895500,64
895600,71
895700,86
895800,86
895900,66
896000,73
896100,66
896200,67
896300,84
896400,60
896500,81
896600,75
896700,74
896800,64
896900,70
897000,81
897100,80
897200,71
897300,63
897400,85
897500,84
897600,78
897700,66
897800,74
897900,88
898000,84
898100,70
898200,64
898300,63
898400,64
898500,89
898600,61
898700,68
898800,82
898900,86
899000,74
899100,76
899200,63
899300,82
899400,80
899500,71
899600,69
899700,84
899800,62
899900,66
900000,77
900100,64
900200,79
900300,60
900400,75
900500,70
900600,75
900700,89
900800,89
900900,60
901000,76
901100,80
901200,88
901300,77
901400,85
901500,74
901600,85
901700,66
901800,79
901900,76
902000,67
902100,84
902200,64
902300,63
902400,69
902500,65
902600,69
902700,64
902800,66
902900,86
903000,80
903100,62
903200,66
903300,66
903400,69
903500,86
903600,77
903700,67
903800,77
903900,80
904000,60
904100,66
904200,86
904300,81
904400,71
904500,84
904600,89
904700,74
904800,63
904900,79
905000,60
905100,67
905200,86
905300,69
905400,81
905500,63
905600,73
905700,88
905800,81
905900,80
906000,61
906100,63
906200,61
906300,88
906400,61
906500,81
906600,84
906700,68
906800,82
906900,68
907000,63
907100,88
907200,75
907300,67
907400,89
907500,79
907600,72
907700,60
907800,83
907900,67
908000,78
908100,80
908200,79
908300,83
908400,62
908500,77
908600,61
908700,83
908800,69
908900,83
909000,63
909100,87
909200,76
909300,60
909400,63
909500,77
909600,68
909700,61
909800,73
909900,70
910000,68
910100,63
910200,74
910300,89
910400,65
910500,87
910600,79
910700,83
910800,84
910900,75
911000,75
911100,82
911200,89
911300,79
911400,81
911500,70
911600,79
911700,88
911800,88
911900,79
912000,80
912100,77
912200,88
912300,89
912400,80
912500,62
912600,73
912700,76
912800,75
912900,71
913000,86
913100,60
913200,61
913300,64
913400,73
913500,70
913600,87
913700,72
913800,61
913900,88
914000,71
914100,75
914200,69
914300,80
914400,81
914500,71
914600,64
914700,87
914800,78
914900,61
915000,62
915100,66
915200,76
915300,78
915400,88
915500,72
915600,78
915700,84
915800,86
915900,87
916000,65
916100,62
916200,71
916300,63
916400,72
916500,61
916600,63
916700,68
916800,62
916900,63
917000,70
917100,68
917200,86
917300,75
917400,81
917500,78
917600,83
917700,66
917800,63
917900,74
918000,81
918100,68
918200,72
918300,71
918400,67
918500,74
918600,64
918700,75
918800,78
918900,60
919000,83
919100,75
919200,74
919300,71
919400,84
919500,79
919600,73
919700,77
919800,82
919900,61
920000,65
920100,82
920200,74
920300,70
920400,61
920500,88
920600,89
920700,70
920800,65
920900,82
921000,63
921100,77
921200,86
921300,70
921400,68
921500,83
921600,63
921700,69
921800,73
921900,78
922000,71
922100,70
922200,63
922300,80
922400,86
922500,67
922600,61
922700,82
922800,78
922900,63
923000,71
923100,72
923200,82
923300,87
923400,65
923500,64
923600,64
923700,83
923800,70
923900,89
924000,68
924100,88
924200,77
924300,78
924400,76
924500,84
924600,61
924700,64
924800,84
924900,69
925000,61
925100,80
925200,81
925300,64
925400,73
925500,72
925600,67
925700,83
925800,83
925900,80
926000,89
926100,72
926200,68
926300,87
926400,63
926500,83
926600,78
926700,79
926800,63
926900,61
927000,75
927100,80
927200,78
927300,76
927400,70
927500,61
927600,73
927700,69
927800,69
927900,66
928000,77
928100,79
928200,77
928300,73
928400,67
928500,66
928600,80
928700,64
928800,74
928900,79
929000,73
929100,65
929200,74
929300,69
929400,77
929500,76
929600,82
929700,75
929800,89
929900,84
930000,67
930100,84
930200,71
930300,60
930400,70
930500,67
930600,83
930700,79
930800,86
930900,79
931000,60
931100,82
931200,68
931300,82
931400,88
931500,69
931600,88
931700,72
931800,75
931900,71
932000,83
932100,89
932200,71
932300,84
932400,88
932500,69
932600,73
932700,64
932800,71
932900,61
933000,67
933100,60
933200,70
933300,69
933400,77
933500,76
933600,75
933700,68
933800,72
933900,77
934000,61
934100,63
934200,73
934300,87
934400,74
934500,65
934600,68
934700,89
934800,67
934900,62
935000,63
935100,66
935200,84
935300,62
935400,79
935500,67
935600,65
935700,89
935800,63
935900,87
936000,73
936100,73
936200,62
936300,78
936400,77
936500,84
936600,69
936700,74
936800,60
936900,65
937000,73
937100,73
937200,77
937300,63
937400,62
937500,67
937600,77
937700,89
937800,81
937900,64
938000,66
938100,67
938200,76
938300,64
938400,66
938500,82
938600,71
938700,84
938800,80
938900,60
939000,61
939100,85
939200,74
939300,72
939400,60
939500,79
939600,61
939700,72
939800,77
939900,87
940000,72
940100,64
940200,70
940300,73
940400,78
940500,68
940600,87
940700,63
940800,63
940900,82
941000,82
941100,60
941200,87
941300,88
941400,68
941500,61
941600,67
941700,72
941800,86
941900,67
942000,75
942100,85
942200,77
942300,77
942400,71
942500,84
942600,66
942700,82
942800,74
942900,81
943000,76
943100,80
943200,76
943300,86
943400,85
943500,65
943600,78
943700,85
943800,74
943900,68
944000,85
944100,87
944200,82
944300,87
944400,67
944500,73
944600,62
944700,83
944800,66
944900,63
945000,68
945100,70
945200,74
945300,75
945400,73
945500,86
945600,63
945700,67
945800,68
945900,74
946000,65
946100,89
946200,76
946300,69
946400,71
946500,65
946600,73
946700,78
946800,89
946900,72
947000,69
947100,86
947200,79
947300,68
947400,73
947500,89
947600,80
947700,60
947800,64
947900,74
948000,79
948100,85
948200,87
948300,84
948400,83
948500,86
948600,84
948700,89
948800,68
948900,76
949000,88
949100,81
949200,89
949300,89
949400,86
949500,77
949600,61
949700,86
949800,77
949900,67
950000,84
950100,83
950200,85
950300,88
950400,62
950500,72
950600,77
950700,71
950800,79
950900,80
951000,70
951100,84
951200,85
951300,70
951400,84
951500,89
951600,74
951700,85
951800,82
951900,74
952000,63
952100,80
952200,89
952300,84
952400,79
952500,88
952600,81
952700,87
952800,65
952900,82
953000,86
953100,73
953200,68
953300,66
953400,65
953500,66
953600,77
953700,86
953800,67
953900,74
954000,86
954100,71
954200,72
954300,80
954400,68
954500,85
954600,67
954700,76
954800,84
954900,85
955000,73
955100,72
955200,86
955300,80
955400,85
955500,86
955600,66
955700,79
955800,65
955900,86
956000,65
956100,81
956200,74
956300,71
956400,63
956500,84
956600,71
956700,88
956800,60
956900,76
957000,69
957100,88
957200,66
957300,86
957400,62
957500,78
957600,72
957700,84
957800,69
957900,72
958000,75
958100,68
958200,61
958300,62
958400,75
958500,81
958600,76
958700,85
958800,66
958900,72
959000,79
959100,71
959200,82
959300,88
959400,87
959500,85
959600,74
959700,81
959800,85
959900,80
960000,87
960100,75
960200,76
960300,87
960400,65
960500,65
960600,88
960700,72
960800,63
960900,77
961000,74
961100,78
961200,73
961300,62
961400,88
961500,84
961600,74
961700,81
961800,72
961900,80
962000,86
962100,75
962200,75
962300,87
962400,85
962500,70
962600,60
962700,65
962800,71
962900,62
963000,86
963100,70
963200,80
963300,60
963400,63
963500,69
963600,74
963700,78
963800,73
963900,75
964000,84
964100,89
964200,66
964300,84
964400,72
964500,85
964600,84
964700,63
964800,60
964900,82
965000,61
965100,78
965200,70
965300,89
965400,81
965500,88
965600,73
965700,62
965800,82
965900,87
966000,87
966100,76
966200,71
966300,69
966400,66
966500,64
966600,84
966700,78
966800,63
966900,78
967000,71
967100,76
967200,89
967300,79
967400,75
967500,73
967600,69
967700,75
967800,87
967900,65
968000,79
968100,77
968200,73
968300,77
968400,84
968500,62
968600,61
968700,79
968800,86
968900,69
969000,70
969100,89
969200,86
969300,72
969400,81
969500,82
969600,87
969700,83
969800,60
969900,72
970000,60
970100,64
970200,67
970300,86
970400,78
970500,79
970600,88
970700,81
970800,86
970900,78
971000,71
971100,83
971200,86
971300,83
971400,86
971500,73
971600,86
971700,70
971800,70
971900,66
972000,83
972100,68
972200,77
972300,72
972400,74
972500,65
972600,85
972700,84
972800,69
972900,62
973000,79
973100,60
973200,89
973300,62
973400,78
973500,67
973600,69
973700,75
973800,63
973900,62
974000,61
974100,87
974200,75
974300,84
974400,87
974500,73
974600,67
974700,64
974800,67
974900,61
975000,65
975100,75
975200,88
975300,89
975400,88
975500,82
975600,62
975700,82
975800,61
975900,80
976000,64
976100,65
976200,89
976300,86
976400,86
976500,78
976600,88
976700,67
976800,75
976900,64
977000,61
977100,60
977200,66
977300,76
977400,68
977500,84
977600,72
977700,60
977800,89
977900,85
978000,81
978100,62
978200,78
978300,78
978400,87
978500,81
978600,71
978700,77
978800,71
978900,87
979000,78
979100,68
979200,65
979300,68
979400,82
979500,79
979600,86
979700,80
979800,83
979900,75
980000,72
980100,73
980200,81
980300,67
980400,88
980500,75
980600,87
980700,75
980800,64
980900,66
981000,71
981100,60
981200,67
981300,67
981400,84
981500,76
981600,62
981700,73
981800,88
981900,66
982000,81
982100,87
982200,80
982300,68
982400,81
982500,81
982600,89
982700,73
982800,67
982900,84
983000,80
983100,62
983200,63
983300,80
983400,61
983500,69
983600,73
983700,81
983800,60
983900,87
984000,85
984100,82
984200,70
984300,87
984400,65
984500,88
984600,87
984700,68
984800,83
984900,74
985000,74
985100,63
985200,87
985300,80
985400,67
985500,68
985600,75
985700,83
985800,74
985900,66
986000,86
986100,66
986200,76
986300,82
986400,63
986500,79
986600,65
986700,82
986800,78
986900,71
987000,62
987100,71
987200,77
987300,78
987400,89
987500,80
987600,64
987700,85
987800,77
987900,60
988000,71
988100,86
988200,77
988300,77
988400,82
988500,74
988600,64
988700,72
988800,65
988900,79
989000,72
989100,77
989200,80
989300,67
989400,70
989500,88
989600,72
989700,73
989800,72
989900,78
990000,81
990100,76
990200,87
990300,70
990400,71
990500,64
990600,69
990700,75
990800,75
990900,67
991000,86
991100,65
991200,69
991300,81
991400,83
991500,64
991600,83
991700,77
991800,78
991900,87
992000,70
992100,74
992200,67
992300,77
992400,62
992500,86
992600,79
992700,60
992800,62
992900,76
993000,68
993100,80
993200,69
993300,63
993400,71
993500,63
993600,77
993700,70
993800,84
993900,88
994000,60
994100,71
994200,61
994300,83
994400,75
994500,61
994600,68
994700,80
994800,74
994900,64
995000,71
995100,69
995200,66
995300,78
995400,82
995500,60
995600,85
995700,63
995800,80
995900,66
996000,88
996100,61
996200,84
996300,69
996400,75
996500,70
996600,71
996700,74
996800,61
996900,82
997000,70
997100,88
997200,87
997300,74
997400,79
997500,82
997600,72
997700,71
997800,81
997900,64
998000,87
998100,65
998200,73
998300,61
998400,88
998500,81
998600,63
998700,74
998800,89
998900,72
999000,65
999100,88
999200,83
999300,86
999400,77
999500,81
999600,86
999700,83
999800,82
999900,72
